INSERT INTO `sys_usergroup` (`objid`, `title`, `domain`, `userclass`, `orgclass`, `role`) VALUES ('WATERWORKS.ADMIN', 'WATERWORKS', 'WATERWORKS', NULL, NULL, 'ADMIN');
INSERT INTO `sys_usergroup` (`objid`, `title`, `domain`, `userclass`, `orgclass`, `role`) VALUES ('WATERWORKS.APPROVER', 'WATERWORKS', 'WATERWORKS', NULL, NULL, 'APPROVER');
INSERT INTO `sys_usergroup` (`objid`, `title`, `domain`, `userclass`, `orgclass`, `role`) VALUES ('WATERWORKS.BILLING', 'WATERWORKS BILLING', 'WATERWORKS', NULL, NULL, 'BILLING');
INSERT INTO `sys_usergroup` (`objid`, `title`, `domain`, `userclass`, `orgclass`, `role`) VALUES ('WATERWORKS.MASTER', 'WATERWORKS MASTER', 'WATERWORKS', NULL, NULL, 'MASTER');
INSERT INTO `sys_usergroup` (`objid`, `title`, `domain`, `userclass`, `orgclass`, `role`) VALUES ('WATERWORKS.READER', 'WATERWORKS READER', 'WATERWORKS', NULL, NULL, 'READER');
INSERT INTO `sys_usergroup` (`objid`, `title`, `domain`, `userclass`, `orgclass`, `role`) VALUES ('WATERWORKS.REPORT', 'WATERWORKS REPORT', 'WATERWORKS', NULL, NULL, 'REPORT');
INSERT INTO `sys_usergroup` (`objid`, `title`, `domain`, `userclass`, `orgclass`, `role`) VALUES ('WATERWORKS.RULE_AUTHOR', 'WATERWORKS RULE_AUTHOR', 'WATERWORKS', NULL, NULL, 'RULE_AUTHOR');
INSERT INTO `sys_usergroup` (`objid`, `title`, `domain`, `userclass`, `orgclass`, `role`) VALUES ('WATERWORKS.SHARED', 'WATERWORKS SHARED', 'WATERWORKS', NULL, NULL, 'SHARED');

INSERT INTO `sys_var` (`name`, `value`, `description`, `datatype`, `category`) VALUES ('waterworks_acctno_format', 'WA-[org]-[%06d]', NULL, NULL, NULL);
INSERT INTO `sys_var` (`name`, `value`, `description`, `datatype`, `category`) VALUES ('waterworks_application_appno_format', 'WAP-[yyyyMM]-[%05d]', NULL, NULL, NULL);
INSERT INTO `sys_var` (`name`, `value`, `description`, `datatype`, `category`) VALUES ('waterworks_batch_print_size', '20', NULL, 'integer', NULL);
INSERT INTO `sys_var` (`name`, `value`, `description`, `datatype`, `category`) VALUES ('waterworks_batch_process_size', '20', NULL, 'integer', NULL);
INSERT INTO `sys_var` (`name`, `value`, `description`, `datatype`, `category`) VALUES ('waterworks_billno_format', 'WB-[yyyyMM]-[%05d]', NULL, NULL, NULL);
INSERT INTO `sys_var` (`name`, `value`, `description`, `datatype`, `category`) VALUES ('waterworks_bill_barcode_prefix', 'TCWS', NULL, NULL, NULL);
INSERT INTO `sys_var` (`name`, `value`, `description`, `datatype`, `category`) VALUES ('waterworks_change_request_controlno_format', 'WCR-[yyyyMM]-[%05d]', NULL, NULL, NULL);
INSERT INTO `sys_var` (`name`, `value`, `description`, `datatype`, `category`) VALUES ('waterworks_disconnection_controlno_format', 'WDC-[yyyyMM]-[%05d]', NULL, NULL, NULL);

INSERT INTO `sys_wf` (`name`, `title`, `domain`) VALUES ('waterworks_application', 'Waterworks Application', 'WATERWORKS');
INSERT INTO `sys_wf` (`name`, `title`, `domain`) VALUES ('waterworks_batch_billing', 'Waterworks Batch Billing', 'WATERWORKS');
INSERT INTO `sys_wf` (`name`, `title`, `domain`) VALUES ('waterworks_change_request', 'Waterworks Change Request', 'WATERWORKS');
INSERT INTO `sys_wf` (`name`, `title`, `domain`) VALUES ('waterworks_compromise', 'Waterworks Compromise', 'WATERWORKS');
INSERT INTO `sys_wf` (`name`, `title`, `domain`) VALUES ('waterworks_disconnection', 'Waterworks Disconnection', 'WATERWORKS');
INSERT INTO `sys_wf` (`name`, `title`, `domain`) VALUES ('waterworks_newconnection', 'Waterworks New Connection', 'WATERWORKS');
INSERT INTO `sys_wf` (`name`, `title`, `domain`) VALUES ('waterworks_reconnection', 'Waterworks Reconnection', 'WATERWORKS');

INSERT INTO `sys_wf_node` (`name`, `processname`, `title`, `nodetype`, `idx`, `salience`, `domain`, `role`, `ui`, `properties`, `tracktime`) VALUES ('approval', 'waterworks_application', 'Approval', 'state', '4', NULL, NULL, NULL, '[type:\"state\",fillColor:\"#c0c0c0\",pos:[568,73],size:[146,63]]', '[:]', '1');
INSERT INTO `sys_wf_node` (`name`, `processname`, `title`, `nodetype`, `idx`, `salience`, `domain`, `role`, `ui`, `properties`, `tracktime`) VALUES ('assessment', 'waterworks_application', 'Assessment', 'state', '3', NULL, NULL, NULL, '[type:\"state\",fillColor:\"#c0c0c0\",pos:[367,69],size:[134,65]]', '[:]', '1');
INSERT INTO `sys_wf_node` (`name`, `processname`, `title`, `nodetype`, `idx`, `salience`, `domain`, `role`, `ui`, `properties`, `tracktime`) VALUES ('end', 'waterworks_application', 'Completed', 'end', '7', NULL, NULL, NULL, '[type:\"end\",fillColor:\"#ff0000\",pos:[756,57],size:[32,32]]', '[:]', NULL);
INSERT INTO `sys_wf_node` (`name`, `processname`, `title`, `nodetype`, `idx`, `salience`, `domain`, `role`, `ui`, `properties`, `tracktime`) VALUES ('payment', 'waterworks_application', 'Payment', 'state', '5', NULL, NULL, NULL, '[type:\"state\",fillColor:\"#c0c0c0\",pos:[340,166],size:[130,67]]', '[:]', NULL);
INSERT INTO `sys_wf_node` (`name`, `processname`, `title`, `nodetype`, `idx`, `salience`, `domain`, `role`, `ui`, `properties`, `tracktime`) VALUES ('receiving', 'waterworks_application', 'Receiving', 'state', '2', '0', NULL, NULL, '[type:\"state\",fillColor:\"#c0c0c0\",pos:[146,60],size:[133,60]]', '[:]', '1');
INSERT INTO `sys_wf_node` (`name`, `processname`, `title`, `nodetype`, `idx`, `salience`, `domain`, `role`, `ui`, `properties`, `tracktime`) VALUES ('releasing', 'waterworks_application', 'Releasing', 'state', '6', NULL, NULL, NULL, '[type:\"state\",fillColor:\"#c0c0c0\",pos:[573,165],size:[154,69]]', '[:]', NULL);
INSERT INTO `sys_wf_node` (`name`, `processname`, `title`, `nodetype`, `idx`, `salience`, `domain`, `role`, `ui`, `properties`, `tracktime`) VALUES ('start', 'waterworks_application', 'start', 'start', '1', NULL, NULL, NULL, '[type:\"start\",fillColor:\"#00ff00\",pos:[52,22],size:[32,32]]', '[:]', NULL);
INSERT INTO `sys_wf_node` (`name`, `processname`, `title`, `nodetype`, `idx`, `salience`, `domain`, `role`, `ui`, `properties`, `tracktime`) VALUES ('approved', 'waterworks_batch_billing', 'Approved', 'state', '6', '0', 'WATERWORKS', NULL, '[type:\"state\",fillColor:\"#c0c0c0\",pos:[748,103],size:[100,50]]', '[show_reading:true]', NULL);
INSERT INTO `sys_wf_node` (`name`, `processname`, `title`, `nodetype`, `idx`, `salience`, `domain`, `role`, `ui`, `properties`, `tracktime`) VALUES ('draft', 'waterworks_batch_billing', 'Draft', 'state', '2', '0', 'WATERWORKS', NULL, '[type:\"state\",fillColor:\"#c0c0c0\",pos:[177,115],size:[109,53]]', '[:]', NULL);
INSERT INTO `sys_wf_node` (`name`, `processname`, `title`, `nodetype`, `idx`, `salience`, `domain`, `role`, `ui`, `properties`, `tracktime`) VALUES ('end', 'waterworks_batch_billing', 'Completed', 'end', '7', '0', 'WATERWORKS', NULL, '[type:\"end\",fillColor:\"#ff0000\",pos:[923,260],size:[32,32]]', '[show_reading:true]', NULL);
INSERT INTO `sys_wf_node` (`name`, `processname`, `title`, `nodetype`, `idx`, `salience`, `domain`, `role`, `ui`, `properties`, `tracktime`) VALUES ('for-approval', 'waterworks_batch_billing', 'For Approval', 'state', '5', '0', 'WATERWORKS', NULL, '[type:\"state\",fillColor:\"#c0c0c0\",pos:[661,222],size:[100,50]]', '[show_reading:true]', NULL);
INSERT INTO `sys_wf_node` (`name`, `processname`, `title`, `nodetype`, `idx`, `salience`, `domain`, `role`, `ui`, `properties`, `tracktime`) VALUES ('for-reading', 'waterworks_batch_billing', 'For Reading', 'state', '3', '0', 'WATERWORKS', NULL, '[type:\"state\",fillColor:\"#c0c0c0\",pos:[370,153],size:[100,50]]', '[show_reading:true]', NULL);
INSERT INTO `sys_wf_node` (`name`, `processname`, `title`, `nodetype`, `idx`, `salience`, `domain`, `role`, `ui`, `properties`, `tracktime`) VALUES ('mobile-reading', 'waterworks_batch_billing', 'For Mobile Reading', 'state', '4', '0', NULL, NULL, '[type:\"state\",fillColor:\"#c0c0c0\",pos:[535,23],size:[156,52]]', '[:]', '1');
INSERT INTO `sys_wf_node` (`name`, `processname`, `title`, `nodetype`, `idx`, `salience`, `domain`, `role`, `ui`, `properties`, `tracktime`) VALUES ('start', 'waterworks_batch_billing', 'Start', 'start', '1', '0', 'WATERWORKS', NULL, '[type:\"start\",fillColor:\"#00ff00\",pos:[72,60],size:[32,32]]', '[:]', NULL);
INSERT INTO `sys_wf_node` (`name`, `processname`, `title`, `nodetype`, `idx`, `salience`, `domain`, `role`, `ui`, `properties`, `tracktime`) VALUES ('draft', 'waterworks_change_request', 'Draft', 'state', '1', '0', 'WATERWORKS', NULL, '[type:\"state\",fillColor:\"#c0c0c0\",pos:[267,72],size:[87,55]]', '[:]', '1');
INSERT INTO `sys_wf_node` (`name`, `processname`, `title`, `nodetype`, `idx`, `salience`, `domain`, `role`, `ui`, `properties`, `tracktime`) VALUES ('end', 'waterworks_change_request', 'Completed', 'end', '3', '0', NULL, NULL, '[type:\"end\",fillColor:\"#ff0000\",pos:[718,131],size:[32,32]]', '[:]', NULL);
INSERT INTO `sys_wf_node` (`name`, `processname`, `title`, `nodetype`, `idx`, `salience`, `domain`, `role`, `ui`, `properties`, `tracktime`) VALUES ('for-approval', 'waterworks_change_request', 'For Approval', 'state', '2', '0', 'WATERWORKS', NULL, '[type:\"state\",fillColor:\"#c0c0c0\",pos:[509,128],size:[104,60]]', '[:]', '1');
INSERT INTO `sys_wf_node` (`name`, `processname`, `title`, `nodetype`, `idx`, `salience`, `domain`, `role`, `ui`, `properties`, `tracktime`) VALUES ('start', 'waterworks_change_request', 'Start', 'start', '0', '0', NULL, NULL, '[type:\"start\",fillColor:\"#00ff00\",pos:[174,47],size:[32,32]]', '[:]', NULL);
INSERT INTO `sys_wf_node` (`name`, `processname`, `title`, `nodetype`, `idx`, `salience`, `domain`, `role`, `ui`, `properties`, `tracktime`) VALUES ('billing', 'waterworks_compromise', 'Billing', 'state', '6', '0', NULL, NULL, '[type:\"state\",fillColor:\"#c0c0c0\",pos:[608,187],size:[108,58]]', '[:]', '1');
INSERT INTO `sys_wf_node` (`name`, `processname`, `title`, `nodetype`, `idx`, `salience`, `domain`, `role`, `ui`, `properties`, `tracktime`) VALUES ('draft', 'waterworks_compromise', 'Draft', 'state', '2', '0', 'WATERWORKS', NULL, '[type:\"state\",fillColor:\"#c0c0c0\",pos:[225,85],size:[87,55]]', '[:]', '1');
INSERT INTO `sys_wf_node` (`name`, `processname`, `title`, `nodetype`, `idx`, `salience`, `domain`, `role`, `ui`, `properties`, `tracktime`) VALUES ('end', 'waterworks_compromise', 'Completed', 'end', '9', '0', NULL, NULL, '[type:\"end\",fillColor:\"#ff0000\",pos:[1027,346],size:[32,32]]', '[:]', NULL);
INSERT INTO `sys_wf_node` (`name`, `processname`, `title`, `nodetype`, `idx`, `salience`, `domain`, `role`, `ui`, `properties`, `tracktime`) VALUES ('for-approval', 'waterworks_compromise', 'For Approval', 'state', '5', '0', 'WATERWORKS', NULL, '[type:\"state\",fillColor:\"#c0c0c0\",pos:[640,52],size:[104,60]]', '[:]', '1');
INSERT INTO `sys_wf_node` (`name`, `processname`, `title`, `nodetype`, `idx`, `salience`, `domain`, `role`, `ui`, `properties`, `tracktime`) VALUES ('for-review', 'waterworks_compromise', 'For Review', 'state', '3', '0', NULL, NULL, '[type:\"state\",fillColor:\"#c0c0c0\",pos:[369,13],size:[102,56]]', '[:]', '1');
INSERT INTO `sys_wf_node` (`name`, `processname`, `title`, `nodetype`, `idx`, `salience`, `domain`, `role`, `ui`, `properties`, `tracktime`) VALUES ('initial-payment', 'waterworks_compromise', 'Initial Payment', 'state', '4', '0', NULL, NULL, '[type:\"state\",fillColor:\"#c0c0c0\",pos:[408,158],size:[119,62]]', '[:]', '0');
INSERT INTO `sys_wf_node` (`name`, `processname`, `title`, `nodetype`, `idx`, `salience`, `domain`, `role`, `ui`, `properties`, `tracktime`) VALUES ('payment', 'waterworks_compromise', 'For Payment', 'state', '7', '0', NULL, NULL, '[type:\"state\",fillColor:\"#c0c0c0\",pos:[721,282],size:[111,57]]', '[:]', NULL);
INSERT INTO `sys_wf_node` (`name`, `processname`, `title`, `nodetype`, `idx`, `salience`, `domain`, `role`, `ui`, `properties`, `tracktime`) VALUES ('releasing', 'waterworks_compromise', 'Releasing', 'state', '8', '0', NULL, NULL, '[type:\"state\",fillColor:\"#c0c0c0\",pos:[864,385],size:[103,53]]', '[:]', NULL);
INSERT INTO `sys_wf_node` (`name`, `processname`, `title`, `nodetype`, `idx`, `salience`, `domain`, `role`, `ui`, `properties`, `tracktime`) VALUES ('start', 'waterworks_compromise', 'Start', 'start', '1', '0', NULL, NULL, '[type:\"start\",fillColor:\"#00ff00\",pos:[129,41],size:[32,32]]', '[:]', NULL);
INSERT INTO `sys_wf_node` (`name`, `processname`, `title`, `nodetype`, `idx`, `salience`, `domain`, `role`, `ui`, `properties`, `tracktime`) VALUES ('draft', 'waterworks_disconnection', 'Draft', 'state', '1', '0', 'WATERWORKS', NULL, '[type:\"state\",fillColor:\"#c0c0c0\",pos:[267,72],size:[87,55]]', '[:]', '1');
INSERT INTO `sys_wf_node` (`name`, `processname`, `title`, `nodetype`, `idx`, `salience`, `domain`, `role`, `ui`, `properties`, `tracktime`) VALUES ('end', 'waterworks_disconnection', 'Completed', 'end', '3', '0', NULL, NULL, '[type:\"end\",fillColor:\"#ff0000\",pos:[718,131],size:[32,32]]', '[:]', NULL);
INSERT INTO `sys_wf_node` (`name`, `processname`, `title`, `nodetype`, `idx`, `salience`, `domain`, `role`, `ui`, `properties`, `tracktime`) VALUES ('for-approval', 'waterworks_disconnection', 'For Approval', 'state', '2', '0', 'WATERWORKS', NULL, '[type:\"state\",fillColor:\"#c0c0c0\",pos:[509,128],size:[104,60]]', '[:]', '1');
INSERT INTO `sys_wf_node` (`name`, `processname`, `title`, `nodetype`, `idx`, `salience`, `domain`, `role`, `ui`, `properties`, `tracktime`) VALUES ('start', 'waterworks_disconnection', 'Start', 'start', '0', '0', NULL, NULL, '[type:\"start\",fillColor:\"#00ff00\",pos:[174,47],size:[32,32]]', '[:]', NULL);
INSERT INTO `sys_wf_node` (`name`, `processname`, `title`, `nodetype`, `idx`, `salience`, `domain`, `role`, `ui`, `properties`, `tracktime`) VALUES ('billing', 'waterworks_newconnection', 'Billing', 'state', '5', '0', NULL, NULL, '[type:\"state\",fillColor:\"#c0c0c0\",pos:[542,157],size:[108,58]]', '[:]', '1');
INSERT INTO `sys_wf_node` (`name`, `processname`, `title`, `nodetype`, `idx`, `salience`, `domain`, `role`, `ui`, `properties`, `tracktime`) VALUES ('end', 'waterworks_newconnection', 'Completed', 'end', '7', '0', NULL, NULL, '[type:\"end\",fillColor:\"#ff0000\",pos:[894,322],size:[32,32]]', '[:]', NULL);
INSERT INTO `sys_wf_node` (`name`, `processname`, `title`, `nodetype`, `idx`, `salience`, `domain`, `role`, `ui`, `properties`, `tracktime`) VALUES ('for-approval', 'waterworks_newconnection', 'For Approval', 'state', '4', '0', 'WATERWORKS', NULL, '[type:\"state\",fillColor:\"#c0c0c0\",pos:[632,53],size:[104,60]]', '[:]', '1');
INSERT INTO `sys_wf_node` (`name`, `processname`, `title`, `nodetype`, `idx`, `salience`, `domain`, `role`, `ui`, `properties`, `tracktime`) VALUES ('for-reversal', 'waterworks_newconnection', 'For Reversal', 'state', '6', '0', NULL, NULL, '[type:\"state\",fillColor:\"#c0c0c0\",pos:[364,295],size:[119,57]]', '[:]', NULL);
INSERT INTO `sys_wf_node` (`name`, `processname`, `title`, `nodetype`, `idx`, `salience`, `domain`, `role`, `ui`, `properties`, `tracktime`) VALUES ('for-review', 'waterworks_newconnection', 'For Review', 'state', '3', '0', NULL, NULL, '[type:\"state\",fillColor:\"#c0c0c0\",pos:[420,21],size:[102,56]]', '[:]', '1');
INSERT INTO `sys_wf_node` (`name`, `processname`, `title`, `nodetype`, `idx`, `salience`, `domain`, `role`, `ui`, `properties`, `tracktime`) VALUES ('payment', 'waterworks_newconnection', 'For Payment', 'state', '6', '0', NULL, NULL, '[type:\"state\",fillColor:\"#c0c0c0\",pos:[581,279],size:[111,57]]', '[:]', NULL);
INSERT INTO `sys_wf_node` (`name`, `processname`, `title`, `nodetype`, `idx`, `salience`, `domain`, `role`, `ui`, `properties`, `tracktime`) VALUES ('receiving', 'waterworks_newconnection', 'Receiving', 'state', '2', '1', NULL, NULL, '[type:\"state\",fillColor:\"#c0c0c0\",pos:[217,90],size:[107,65]]', '[:]', '1');
INSERT INTO `sys_wf_node` (`name`, `processname`, `title`, `nodetype`, `idx`, `salience`, `domain`, `role`, `ui`, `properties`, `tracktime`) VALUES ('start', 'waterworks_newconnection', 'Start', 'start', '1', '0', NULL, NULL, '[type:\"start\",fillColor:\"#00ff00\",pos:[129,41],size:[32,32]]', '[:]', NULL);
INSERT INTO `sys_wf_node` (`name`, `processname`, `title`, `nodetype`, `idx`, `salience`, `domain`, `role`, `ui`, `properties`, `tracktime`) VALUES ('draft', 'waterworks_reconnection', 'Draft', 'state', '1', '0', 'WATERWORKS', NULL, '[type:\"state\",fillColor:\"#c0c0c0\",pos:[267,72],size:[87,55]]', '[:]', '1');
INSERT INTO `sys_wf_node` (`name`, `processname`, `title`, `nodetype`, `idx`, `salience`, `domain`, `role`, `ui`, `properties`, `tracktime`) VALUES ('end', 'waterworks_reconnection', 'Completed', 'end', '3', '0', NULL, NULL, '[type:\"end\",fillColor:\"#ff0000\",pos:[718,131],size:[32,32]]', '[:]', NULL);
INSERT INTO `sys_wf_node` (`name`, `processname`, `title`, `nodetype`, `idx`, `salience`, `domain`, `role`, `ui`, `properties`, `tracktime`) VALUES ('for-approval', 'waterworks_reconnection', 'For Approval', 'state', '2', '0', 'WATERWORKS', NULL, '[type:\"state\",fillColor:\"#c0c0c0\",pos:[509,128],size:[104,60]]', '[:]', '1');
INSERT INTO `sys_wf_node` (`name`, `processname`, `title`, `nodetype`, `idx`, `salience`, `domain`, `role`, `ui`, `properties`, `tracktime`) VALUES ('start', 'waterworks_reconnection', 'Start', 'start', '0', '0', NULL, NULL, '[type:\"start\",fillColor:\"#00ff00\",pos:[174,47],size:[32,32]]', '[:]', NULL);

INSERT INTO `sys_wf_transition` (`parentid`, `processname`, `action`, `to`, `idx`, `eval`, `properties`, `permission`, `caption`, `ui`) VALUES ('approval', 'waterworks_application', 'approve', 'payment', '0', NULL, '[showConfirm:true,confirmMessage:\"You are about to approve this for payment. Proceed?\"]', NULL, 'Approve for Payment', '[points:[568,131,470,169],type:\"arrow\",pos:[470,131],size:[98,38]]');
INSERT INTO `sys_wf_transition` (`parentid`, `processname`, `action`, `to`, `idx`, `eval`, `properties`, `permission`, `caption`, `ui`) VALUES ('assessment', 'waterworks_application', 'send-for-approval', 'approval', '0', NULL, '[:]', NULL, 'Send for Approval', '[points:[501,100,568,100],type:\"arrow\",pos:[501,100],size:[67,0]]');
INSERT INTO `sys_wf_transition` (`parentid`, `processname`, `action`, `to`, `idx`, `eval`, `properties`, `permission`, `caption`, `ui`) VALUES ('payment', 'waterworks_application', 'post-payment', 'releasing', '0', NULL, '[visibleWhen:\"#{ false }\"]', NULL, 'Post Payment', '[points:[470,200,499,203,573,204],type:\"arrow\",pos:[470,200],size:[103,4]]');
INSERT INTO `sys_wf_transition` (`parentid`, `processname`, `action`, `to`, `idx`, `eval`, `properties`, `permission`, `caption`, `ui`) VALUES ('receiving', 'waterworks_application', 'send-for-assessment', 'assessment', '0', NULL, '[showConfirm:true,confirmMessage:\"You are about to send this for assessment. Proceed?\"]', NULL, 'Send for Assessment', '[points:[279,93,367,99],type:\"arrow\",pos:[279,93],size:[88,6]]');
INSERT INTO `sys_wf_transition` (`parentid`, `processname`, `action`, `to`, `idx`, `eval`, `properties`, `permission`, `caption`, `ui`) VALUES ('releasing', 'waterworks_application', 'release', 'end', '0', NULL, '[showConfirm:true,confirmMessage:\"You are about to release this document. Proceed?\"]', NULL, 'Release', '[points:[684,165,763,89],type:\"arrow\",pos:[684,89],size:[79,76]]');
INSERT INTO `sys_wf_transition` (`parentid`, `processname`, `action`, `to`, `idx`, `eval`, `properties`, `permission`, `caption`, `ui`) VALUES ('start', 'waterworks_application', 'start', 'receiving', '0', NULL, '[:]', NULL, 'Start', '[points:[84,43,146,66],type:\"arrow\",pos:[84,43],size:[62,23]]');
INSERT INTO `sys_wf_transition` (`parentid`, `processname`, `action`, `to`, `idx`, `eval`, `properties`, `permission`, `caption`, `ui`) VALUES ('approved', 'waterworks_batch_billing', 'close-batch', 'end', '0', NULL, '[showConfirm:true,confirmMessage:\"You are about to close this batch. Please confirm\"]', NULL, 'Close Batch', '[points:[821,153,923,260],type:\"arrow\",pos:[821,153],size:[102,107]]');
INSERT INTO `sys_wf_transition` (`parentid`, `processname`, `action`, `to`, `idx`, `eval`, `properties`, `permission`, `caption`, `ui`) VALUES ('draft', 'waterworks_batch_billing', 'submit-for-reading', 'for-reading', '0', NULL, '[:]', NULL, 'Submit for Reading', '[points:[286,129,370,191],type:\"arrow\",pos:[286,129],size:[84,62]]');
INSERT INTO `sys_wf_transition` (`parentid`, `processname`, `action`, `to`, `idx`, `eval`, `properties`, `permission`, `caption`, `ui`) VALUES ('for-approval', 'waterworks_batch_billing', 'approve', 'approved', '1', NULL, '[:]', NULL, 'Approve', '[points:[712,224,773,149],type:\"arrow\",pos:[712,149],size:[61,75]]');
INSERT INTO `sys_wf_transition` (`parentid`, `processname`, `action`, `to`, `idx`, `eval`, `properties`, `permission`, `caption`, `ui`) VALUES ('for-reading', 'waterworks_batch_billing', 'send-for-mobile-reading', 'mobile-reading', '1', NULL, '[:]', NULL, 'Send for Mobile Reading', '[points:[458,153,577,75],type:\"arrow\",pos:[458,75],size:[119,78]]');
INSERT INTO `sys_wf_transition` (`parentid`, `processname`, `action`, `to`, `idx`, `eval`, `properties`, `permission`, `caption`, `ui`) VALUES ('for-reading', 'waterworks_batch_billing', 'submit-for-approval', 'for-approval', '0', NULL, '[showConfirm:true,confirmMessage:\"You are about to send this for approval. Proceed?\"]', NULL, 'Submit for Approval', '[points:[457,203,520,244,661,246],type:\"arrow\",pos:[457,203],size:[204,43]]');
INSERT INTO `sys_wf_transition` (`parentid`, `processname`, `action`, `to`, `idx`, `eval`, `properties`, `permission`, `caption`, `ui`) VALUES ('mobile-reading', 'waterworks_batch_billing', 'revert-mobile-reading', 'for-reading', '0', NULL, '[:]', NULL, 'Return for Reading', '[points:[538,44,430,64,418,152],type:\"arrow\",pos:[418,44],size:[120,108]]');
INSERT INTO `sys_wf_transition` (`parentid`, `processname`, `action`, `to`, `idx`, `eval`, `properties`, `permission`, `caption`, `ui`) VALUES ('mobile-reading', 'waterworks_batch_billing', 'submit-for-approval', 'for-approval', '1', NULL, '[showConfirm:true,confirmMessage:\"You are about to submit this for approval. Continue?\"]', NULL, 'Submit for Approval', '[points:[626,75,701,222],type:\"arrow\",pos:[626,75],size:[75,147]]');
INSERT INTO `sys_wf_transition` (`parentid`, `processname`, `action`, `to`, `idx`, `eval`, `properties`, `permission`, `caption`, `ui`) VALUES ('start', 'waterworks_batch_billing', 'submit', 'draft', '0', NULL, '[autostart:true]', NULL, NULL, '[points:[104,80,214,115],type:\"arrow\",pos:[104,80],size:[110,35]]');
INSERT INTO `sys_wf_transition` (`parentid`, `processname`, `action`, `to`, `idx`, `eval`, `properties`, `permission`, `caption`, `ui`) VALUES ('draft', 'waterworks_change_request', 'send-for-approval', 'for-approval', '0', NULL, '[showConfirm:true,confirmMessage:\"You are about to send this for approval. Proceed?\"]', NULL, 'Send for Approval', '[points:[354,105,509,139],type:\"arrow\",pos:[354,105],size:[155,34]]');
INSERT INTO `sys_wf_transition` (`parentid`, `processname`, `action`, `to`, `idx`, `eval`, `properties`, `permission`, `caption`, `ui`) VALUES ('for-approval', 'waterworks_change_request', 'approve', 'end', '0', NULL, '[showConfirm:true,confirmMessage:\"You are about to update the account. Proceed?\"]', NULL, 'Approve', '[points:[613,160,718,146],type:\"arrow\",pos:[613,146],size:[105,14]]');
INSERT INTO `sys_wf_transition` (`parentid`, `processname`, `action`, `to`, `idx`, `eval`, `properties`, `permission`, `caption`, `ui`) VALUES ('start', 'waterworks_change_request', 'start', 'draft', '0', NULL, '[:]', NULL, 'Start', '[points:[206,68,267,88],type:\"arrow\",pos:[206,68],size:[61,20]]');
INSERT INTO `sys_wf_transition` (`parentid`, `processname`, `action`, `to`, `idx`, `eval`, `properties`, `permission`, `caption`, `ui`) VALUES ('billing', 'waterworks_compromise', 'close', 'end', '0', NULL, '[visibleWhen:\"#{ false }\"]', NULL, 'Close', '[points:[716,227,904,215,903,216,1035,346],type:\"arrow\",pos:[716,215],size:[319,131]]');
INSERT INTO `sys_wf_transition` (`parentid`, `processname`, `action`, `to`, `idx`, `eval`, `properties`, `permission`, `caption`, `ui`) VALUES ('billing', 'waterworks_compromise', 'send-for-payment', 'payment', '0', NULL, '[:]', NULL, 'Send for Payment', '[points:[674,245,766,282],type:\"arrow\",pos:[674,245],size:[92,37]]');
INSERT INTO `sys_wf_transition` (`parentid`, `processname`, `action`, `to`, `idx`, `eval`, `properties`, `permission`, `caption`, `ui`) VALUES ('draft', 'waterworks_compromise', 'send-for-review', 'for-review', '0', NULL, '[:]', NULL, 'Submit for Review', '[points:[312,101,369,54],type:\"arrow\",pos:[312,54],size:[57,47]]');
INSERT INTO `sys_wf_transition` (`parentid`, `processname`, `action`, `to`, `idx`, `eval`, `properties`, `permission`, `caption`, `ui`) VALUES ('for-approval', 'waterworks_compromise', 'approve', 'billing', '0', NULL, '[showConfirm:true,confirmMessage:\"You are about to approve and send this for billing. Proceed?\"]', NULL, 'Approve', '[points:[673,112,680,187],type:\"arrow\",pos:[673,112],size:[7,75]]');
INSERT INTO `sys_wf_transition` (`parentid`, `processname`, `action`, `to`, `idx`, `eval`, `properties`, `permission`, `caption`, `ui`) VALUES ('for-approval', 'waterworks_compromise', 'void-payment', 'initial-payment', '0', NULL, '[visibleWhen:\"#{false}\"]', NULL, 'Void Payment', '[points:[640,83,555,85,493,158],type:\"arrow\",pos:[493,83],size:[147,75]]');
INSERT INTO `sys_wf_transition` (`parentid`, `processname`, `action`, `to`, `idx`, `eval`, `properties`, `permission`, `caption`, `ui`) VALUES ('for-review', 'waterworks_compromise', 'send-for-approval', 'for-approval', '0', NULL, '[showConfirm:true,confirmMessage:\"You are about to submit this for approval. Proceed?\"]', NULL, 'Send for Approval', '[points:[471,47,640,67],type:\"arrow\",pos:[471,47],size:[169,20]]');
INSERT INTO `sys_wf_transition` (`parentid`, `processname`, `action`, `to`, `idx`, `eval`, `properties`, `permission`, `caption`, `ui`) VALUES ('for-review', 'waterworks_compromise', 'send-for-initial-payment', 'initial-payment', '0', NULL, '[:]', NULL, 'Send for Initial Payment', '[points:[429,69,460,158],type:\"arrow\",pos:[429,69],size:[31,89]]');
INSERT INTO `sys_wf_transition` (`parentid`, `processname`, `action`, `to`, `idx`, `eval`, `properties`, `permission`, `caption`, `ui`) VALUES ('initial-payment', 'waterworks_compromise', 'post-payment', 'for-approval', '0', NULL, '[visibleWhen:\"#{false}\"]', NULL, 'Send for Approval', '[points:[527,162,616,147,643,112],type:\"arrow\",pos:[527,112],size:[116,50]]');
INSERT INTO `sys_wf_transition` (`parentid`, `processname`, `action`, `to`, `idx`, `eval`, `properties`, `permission`, `caption`, `ui`) VALUES ('payment', 'waterworks_compromise', 'post-payment', 'releasing', '0', NULL, '[visibleWhen:\"#{false}\"]', NULL, 'Post Payment', '[points:[813,339,866,345,887,385],type:\"arrow\",pos:[813,339],size:[74,46]]');
INSERT INTO `sys_wf_transition` (`parentid`, `processname`, `action`, `to`, `idx`, `eval`, `properties`, `permission`, `caption`, `ui`) VALUES ('releasing', 'waterworks_compromise', 'release', 'end', '0', NULL, '[:]', NULL, 'Release', '[points:[967,390,1027,367],type:\"arrow\",pos:[967,367],size:[60,23]]');
INSERT INTO `sys_wf_transition` (`parentid`, `processname`, `action`, `to`, `idx`, `eval`, `properties`, `permission`, `caption`, `ui`) VALUES ('releasing', 'waterworks_compromise', 'void-payment', 'payment', '0', NULL, '[visibleWhen:\"#{false}\"]', NULL, 'Void Payment', '[points:[864,409,775,407,775,339],type:\"arrow\",pos:[775,339],size:[89,70]]');
INSERT INTO `sys_wf_transition` (`parentid`, `processname`, `action`, `to`, `idx`, `eval`, `properties`, `permission`, `caption`, `ui`) VALUES ('start', 'waterworks_compromise', 'start', 'draft', '0', NULL, '[:]', NULL, 'Start', '[points:[161,62,225,101],type:\"arrow\",pos:[161,62],size:[64,39]]');
INSERT INTO `sys_wf_transition` (`parentid`, `processname`, `action`, `to`, `idx`, `eval`, `properties`, `permission`, `caption`, `ui`) VALUES ('draft', 'waterworks_disconnection', 'send-for-approval', 'for-approval', '0', NULL, '[showConfirm:true,confirmMessage:\"You are about to send this for approval. Proceed?\"]', NULL, 'Send for Approval', '[points:[354,105,509,139],type:\"arrow\",pos:[354,105],size:[155,34]]');
INSERT INTO `sys_wf_transition` (`parentid`, `processname`, `action`, `to`, `idx`, `eval`, `properties`, `permission`, `caption`, `ui`) VALUES ('for-approval', 'waterworks_disconnection', 'approve', 'end', '0', NULL, '[showConfirm:true,confirmMessage:\"You are about to update the account. Proceed?\"]', NULL, 'Approve', '[points:[613,160,718,146],type:\"arrow\",pos:[613,146],size:[105,14]]');
INSERT INTO `sys_wf_transition` (`parentid`, `processname`, `action`, `to`, `idx`, `eval`, `properties`, `permission`, `caption`, `ui`) VALUES ('start', 'waterworks_disconnection', 'start', 'draft', '0', NULL, '[:]', NULL, 'Start', '[points:[206,68,267,88],type:\"arrow\",pos:[206,68],size:[61,20]]');
INSERT INTO `sys_wf_transition` (`parentid`, `processname`, `action`, `to`, `idx`, `eval`, `properties`, `permission`, `caption`, `ui`) VALUES ('billing', 'waterworks_newconnection', 'close', 'end', '0', NULL, '[visibleWhen:\"#{ false }\"]', NULL, 'Close', '[points:[650,197,904,215,903,216,902,322],type:\"arrow\",pos:[650,197],size:[254,125]]');
INSERT INTO `sys_wf_transition` (`parentid`, `processname`, `action`, `to`, `idx`, `eval`, `properties`, `permission`, `caption`, `ui`) VALUES ('billing', 'waterworks_newconnection', 'send-for-payment', 'payment', '0', NULL, '[:]', NULL, 'Send for Payment', '[points:[608,215,626,279],type:\"arrow\",pos:[608,215],size:[18,64]]');
INSERT INTO `sys_wf_transition` (`parentid`, `processname`, `action`, `to`, `idx`, `eval`, `properties`, `permission`, `caption`, `ui`) VALUES ('billing', 'waterworks_newconnection', 'send-for-reveral', 'for-reversal', '0', NULL, '[:]', NULL, 'Send for Reversal', '[points:[564,215,451,295],type:\"arrow\",pos:[451,215],size:[113,80]]');
INSERT INTO `sys_wf_transition` (`parentid`, `processname`, `action`, `to`, `idx`, `eval`, `properties`, `permission`, `caption`, `ui`) VALUES ('for-approval', 'waterworks_newconnection', 'approve', 'billing', '0', NULL, '[showConfirm:true,confirmMessage:\"You are about to approve and send this for billing. Proceed?\"]', NULL, 'Approve', '[points:[665,113,614,157],type:\"arrow\",pos:[614,113],size:[51,44]]');
INSERT INTO `sys_wf_transition` (`parentid`, `processname`, `action`, `to`, `idx`, `eval`, `properties`, `permission`, `caption`, `ui`) VALUES ('for-reversal', 'waterworks_newconnection', 'approve-reversal', 'end', '0', NULL, '[showConfirm:true,confirmMessage:\"You are about to reverse back the transaction to its original state. Proceed?\"]', NULL, 'Approve', '[points:[483,343,705,417,894,344],type:\"arrow\",pos:[483,343],size:[411,74]]');
INSERT INTO `sys_wf_transition` (`parentid`, `processname`, `action`, `to`, `idx`, `eval`, `properties`, `permission`, `caption`, `ui`) VALUES ('for-review', 'waterworks_newconnection', 'send-for-approval', 'for-approval', '0', NULL, '[showConfirm:true,confirmMessage:\"You are about to submit this for approval. Proceed?\"]', NULL, 'Send for Approval', '[points:[522,55,632,68],type:\"arrow\",pos:[522,55],size:[110,13]]');
INSERT INTO `sys_wf_transition` (`parentid`, `processname`, `action`, `to`, `idx`, `eval`, `properties`, `permission`, `caption`, `ui`) VALUES ('payment', 'waterworks_newconnection', 'post-payment', 'end', '0', NULL, '[visibleWhen:\"#{ false }\"]', NULL, 'Post Payment', '[points:[692,313,788,347,894,335],type:\"arrow\",pos:[692,313],size:[202,34]]');
INSERT INTO `sys_wf_transition` (`parentid`, `processname`, `action`, `to`, `idx`, `eval`, `properties`, `permission`, `caption`, `ui`) VALUES ('receiving', 'waterworks_newconnection', 'send-for-review', 'for-review', '0', NULL, '[:]', NULL, 'Send for Review', '[points:[324,102,420,68],type:\"arrow\",pos:[324,68],size:[96,34]]');
INSERT INTO `sys_wf_transition` (`parentid`, `processname`, `action`, `to`, `idx`, `eval`, `properties`, `permission`, `caption`, `ui`) VALUES ('start', 'waterworks_newconnection', 'start', 'receiving', '0', NULL, '[:]', NULL, 'Start', '[points:[161,65,217,95],type:\"arrow\",pos:[161,65],size:[56,30]]');
INSERT INTO `sys_wf_transition` (`parentid`, `processname`, `action`, `to`, `idx`, `eval`, `properties`, `permission`, `caption`, `ui`) VALUES ('draft', 'waterworks_reconnection', 'send-for-approval', 'for-approval', '0', NULL, '[showConfirm:true,confirmMessage:\"You are about to send this for approval. Proceed?\"]', NULL, 'Send for Approval', '[points:[354,105,509,139],type:\"arrow\",pos:[354,105],size:[155,34]]');
INSERT INTO `sys_wf_transition` (`parentid`, `processname`, `action`, `to`, `idx`, `eval`, `properties`, `permission`, `caption`, `ui`) VALUES ('for-approval', 'waterworks_reconnection', 'approve', 'end', '0', NULL, '[showConfirm:true,confirmMessage:\"You are about to update the account. Proceed?\"]', NULL, 'Approve', '[points:[613,160,718,146],type:\"arrow\",pos:[613,146],size:[105,14]]');
INSERT INTO `sys_wf_transition` (`parentid`, `processname`, `action`, `to`, `idx`, `eval`, `properties`, `permission`, `caption`, `ui`) VALUES ('start', 'waterworks_reconnection', 'start', 'draft', '0', NULL, '[:]', NULL, 'Start', '[points:[206,68,267,88],type:\"arrow\",pos:[206,68],size:[61,20]]');

INSERT INTO `waterworks_attribute` (`name`, `title`) VALUES ('LOT_DONOR', 'LOT DONOR');
INSERT INTO `waterworks_attribute` (`name`, `title`) VALUES ('SENIOR', 'SENIOR CITIZEN');
INSERT INTO `waterworks_attribute` (`name`, `title`) VALUES ('SUBDIVISION', 'SUBDIVISION');

INSERT INTO `waterworks_area` (`objid`, `code`) VALUES ('001', '001');

INSERT INTO `waterworks_classification` (`objid`, `description`) VALUES ('BULK', 'BULK');
INSERT INTO `waterworks_classification` (`objid`, `description`) VALUES ('COMMERCIAL', 'COMMERCIAL');
INSERT INTO `waterworks_classification` (`objid`, `description`) VALUES ('GOVERNMENT', 'GOVERNMENT');
INSERT INTO `waterworks_classification` (`objid`, `description`) VALUES ('INDUSTRIAL', 'INDUSTRIAL');
INSERT INTO `waterworks_classification` (`objid`, `description`) VALUES ('RESIDENTIAL', 'RESIDENTIAL');

INSERT INTO `waterworks_itemaccount` (`objid`, `title`, `sortorder`, `itemtype`, `system`) VALUES ('WATERFEE_ADV', 'WATER FEE ADVANCE PAYMENT', '100', NULL, NULL);
INSERT INTO `waterworks_itemaccount` (`objid`, `title`, `sortorder`, `itemtype`, `system`) VALUES ('WATER_FEE', 'WATER FEE', '100', 'WATER_FEE', '1');
INSERT INTO `waterworks_itemaccount` (`objid`, `title`, `sortorder`, `itemtype`, `system`) VALUES ('WATER_FEE_SURCHARGE', 'WATER SURCHARGE', '300', 'SURCHARGE', '1');

INSERT INTO `waterworks_metersize` (`objid`, `title`) VALUES ('FOUR_INCH', '4\"');
INSERT INTO `waterworks_metersize` (`objid`, `title`) VALUES ('ONE_AND_HALF_INCH', '1 1/2\"');
INSERT INTO `waterworks_metersize` (`objid`, `title`) VALUES ('ONE_HALF', '1/2\"');
INSERT INTO `waterworks_metersize` (`objid`, `title`) VALUES ('ONE_INCH', '1\"');
INSERT INTO `waterworks_metersize` (`objid`, `title`) VALUES ('SIX_INCH', '6\"');
INSERT INTO `waterworks_metersize` (`objid`, `title`) VALUES ('THREE_FOURTH_INCH', '3/4\"');
INSERT INTO `waterworks_metersize` (`objid`, `title`) VALUES ('THREE_INCH', '3\"');
INSERT INTO `waterworks_metersize` (`objid`, `title`) VALUES ('TWO_INCH', '2\"');


INSERT INTO `sys_ruleset` (`name`, `title`, `packagename`, `domain`, `role`, `permission`) VALUES ('waterworksapplication', 'Water Works Application', 'waterworksapplication', 'WATERWORKS', 'RULE_AUTHOR', NULL);
INSERT INTO `sys_ruleset` (`name`, `title`, `packagename`, `domain`, `role`, `permission`) VALUES ('waterworksbilling', 'Water Works Billing', 'waterworksbilling', 'WATERWORKS', 'RULE_AUTHOR', NULL);
INSERT INTO `sys_ruleset` (`name`, `title`, `packagename`, `domain`, `role`, `permission`) VALUES ('waterworksbillingschedule', 'Water Works Billing Schedule', 'waterworksbillingschedule', 'WATERWORKS', 'RULE_AUTHOR', NULL);
INSERT INTO `sys_ruleset` (`name`, `title`, `packagename`, `domain`, `role`, `permission`) VALUES ('waterworkscomputation', 'Water Works Computation', 'waterworkscomputation', 'WATERWORKS', 'RULE_AUTHOR', NULL);
INSERT INTO `sys_ruleset` (`name`, `title`, `packagename`, `domain`, `role`, `permission`) VALUES ('waterworkspayment', 'Water Works Payment', 'waterworkspayment', 'WATERWORKS', 'RULE_AUTHOR', NULL);

INSERT INTO `sys_rulegroup` (`name`, `ruleset`, `title`, `sortorder`) VALUES ('account-mapping', 'waterworkspayment', 'Account Mapping', '4');
INSERT INTO `sys_rulegroup` (`name`, `ruleset`, `title`, `sortorder`) VALUES ('billing', 'waterworksbilling', 'Billing Initial', '1');
INSERT INTO `sys_rulegroup` (`name`, `ruleset`, `title`, `sortorder`) VALUES ('computefee', 'waterworksapplication', 'Compute Fee', '1');
INSERT INTO `sys_rulegroup` (`name`, `ruleset`, `title`, `sortorder`) VALUES ('computefee', 'waterworksbilling', 'Compute Fee', '2');
INSERT INTO `sys_rulegroup` (`name`, `ruleset`, `title`, `sortorder`) VALUES ('discount', 'waterworkspayment', 'Discount', '1');
INSERT INTO `sys_rulegroup` (`name`, `ruleset`, `title`, `sortorder`) VALUES ('initial', 'waterworksapplication', 'Initial', '0');
INSERT INTO `sys_rulegroup` (`name`, `ruleset`, `title`, `sortorder`) VALUES ('initial', 'waterworksbillingschedule', 'Initial', '0');
INSERT INTO `sys_rulegroup` (`name`, `ruleset`, `title`, `sortorder`) VALUES ('initial', 'waterworkscomputation', 'Initial', '0');
INSERT INTO `sys_rulegroup` (`name`, `ruleset`, `title`, `sortorder`) VALUES ('interest', 'waterworksbilling', 'Compute Interest', '4');
INSERT INTO `sys_rulegroup` (`name`, `ruleset`, `title`, `sortorder`) VALUES ('payment', 'waterworkspayment', 'Payment', '2');
INSERT INTO `sys_rulegroup` (`name`, `ruleset`, `title`, `sortorder`) VALUES ('post-initial', 'waterworksbillingschedule', 'Post Initial', '1');
INSERT INTO `sys_rulegroup` (`name`, `ruleset`, `title`, `sortorder`) VALUES ('pre-computation', 'waterworkscomputation', 'Pre-Computation', '0');
INSERT INTO `sys_rulegroup` (`name`, `ruleset`, `title`, `sortorder`) VALUES ('requirement', 'waterworksapplication', 'Requirements', '5');
INSERT INTO `sys_rulegroup` (`name`, `ruleset`, `title`, `sortorder`) VALUES ('summary', 'waterworksbilling', 'Summary', '5');
INSERT INTO `sys_rulegroup` (`name`, `ruleset`, `title`, `sortorder`) VALUES ('summary', 'waterworkspayment', 'Summary', '3');
INSERT INTO `sys_rulegroup` (`name`, `ruleset`, `title`, `sortorder`) VALUES ('surcharge', 'waterworksbilling', 'Compute Surcharge', '3');

INSERT INTO `sys_rule_fact` (`objid`, `name`, `title`, `factclass`, `sortorder`, `handler`, `defaultvarname`, `dynamic`, `lookuphandler`, `lookupkey`, `lookupvalue`, `lookupdatatype`, `dynamicfieldname`, `builtinconstraints`, `domain`, `factsuperclass`) VALUES ('treasury.facts.BillItem', 'treasury.facts.BillItem', 'Bill Item', 'treasury.facts.BillItem', '1', NULL, 'BILLITEM', NULL, NULL, NULL, NULL, NULL, NULL, NULL, 'TREASURY', 'treasury.facts.AbstractBillItem');
INSERT INTO `sys_rule_fact` (`objid`, `name`, `title`, `factclass`, `sortorder`, `handler`, `defaultvarname`, `dynamic`, `lookuphandler`, `lookupkey`, `lookupvalue`, `lookupdatatype`, `dynamicfieldname`, `builtinconstraints`, `domain`, `factsuperclass`) VALUES ('treasury.facts.Requirement', 'treasury.facts.Requirement', 'Requirement', 'treasury.facts.Requirement', '2', NULL, NULL, NULL, NULL, NULL, NULL, NULL, NULL, NULL, 'treasury', NULL);
INSERT INTO `sys_rule_fact` (`objid`, `name`, `title`, `factclass`, `sortorder`, `handler`, `defaultvarname`, `dynamic`, `lookuphandler`, `lookupkey`, `lookupvalue`, `lookupdatatype`, `dynamicfieldname`, `builtinconstraints`, `domain`, `factsuperclass`) VALUES ('com.rameses.rules.common.CurrentDate', 'com.rameses.rules.common.CurrentDate', 'Current Date', 'com.rameses.rules.common.CurrentDate', '0', NULL, NULL, NULL, NULL, NULL, NULL, NULL, NULL, NULL, 'SYSTEM', NULL);
INSERT INTO `sys_rule_fact` (`objid`, `name`, `title`, `factclass`, `sortorder`, `handler`, `defaultvarname`, `dynamic`, `lookuphandler`, `lookupkey`, `lookupvalue`, `lookupdatatype`, `dynamicfieldname`, `builtinconstraints`, `domain`, `factsuperclass`) VALUES ('treasury.facts.TransactionDate', 'treasury.facts.TransactionDate', 'Transaction Date', 'treasury.facts.TransactionDate', '1', NULL, NULL, NULL, NULL, NULL, NULL, NULL, NULL, NULL, 'TREASURY', NULL);
INSERT INTO `sys_rule_fact` (`objid`, `name`, `title`, `factclass`, `sortorder`, `handler`, `defaultvarname`, `dynamic`, `lookuphandler`, `lookupkey`, `lookupvalue`, `lookupdatatype`, `dynamicfieldname`, `builtinconstraints`, `domain`, `factsuperclass`) VALUES ('waterworks.facts.WaterAccount', 'waterworks.facts.WaterAccount', 'Water Account', 'waterworks.facts.WaterAccount', '1', NULL, NULL, NULL, NULL, NULL, NULL, NULL, NULL, NULL, 'waterworks', NULL);
INSERT INTO `sys_rule_fact` (`objid`, `name`, `title`, `factclass`, `sortorder`, `handler`, `defaultvarname`, `dynamic`, `lookuphandler`, `lookupkey`, `lookupvalue`, `lookupdatatype`, `dynamicfieldname`, `builtinconstraints`, `domain`, `factsuperclass`) VALUES ('waterworks.facts.WaterBill', 'waterworks.facts.WaterBill', 'Water Bill', 'waterworks.facts.WaterBill', '1', NULL, 'WB', NULL, NULL, NULL, NULL, NULL, NULL, NULL, 'WATERWORKS', NULL);
INSERT INTO `sys_rule_fact` (`objid`, `name`, `title`, `factclass`, `sortorder`, `handler`, `defaultvarname`, `dynamic`, `lookuphandler`, `lookupkey`, `lookupvalue`, `lookupdatatype`, `dynamicfieldname`, `builtinconstraints`, `domain`, `factsuperclass`) VALUES ('waterworks.facts.WaterBillingPeriod', 'waterworks.facts.WaterBillingPeriod', 'Water Billing Period', 'waterworks.facts.WaterBillingPeriod', '1', NULL, 'BILPRD', NULL, NULL, NULL, NULL, NULL, NULL, NULL, 'TREASURY', NULL);
INSERT INTO `sys_rule_fact` (`objid`, `name`, `title`, `factclass`, `sortorder`, `handler`, `defaultvarname`, `dynamic`, `lookuphandler`, `lookupkey`, `lookupvalue`, `lookupdatatype`, `dynamicfieldname`, `builtinconstraints`, `domain`, `factsuperclass`) VALUES ('waterworks.facts.WaterBillItem', 'waterworks.facts.WaterBillItem', 'Water Bill Item', 'waterworks.facts.WaterBillItem', '0', NULL, 'WBI', NULL, NULL, NULL, NULL, NULL, NULL, NULL, 'WATERWORKS', 'treasury.facts.AbstractBillItem');
INSERT INTO `sys_rule_fact` (`objid`, `name`, `title`, `factclass`, `sortorder`, `handler`, `defaultvarname`, `dynamic`, `lookuphandler`, `lookupkey`, `lookupvalue`, `lookupdatatype`, `dynamicfieldname`, `builtinconstraints`, `domain`, `factsuperclass`) VALUES ('waterworks.facts.WaterBillRecurringFee', 'waterworks.facts.WaterBillRecurringFee', 'Waterworks Bill Recurring Fee', 'waterworks.facts.WaterBillRecurringFee', '1', NULL, 'WBR', NULL, NULL, NULL, NULL, NULL, NULL, NULL, 'WATERWORKS', NULL);
INSERT INTO `sys_rule_fact` (`objid`, `name`, `title`, `factclass`, `sortorder`, `handler`, `defaultvarname`, `dynamic`, `lookuphandler`, `lookupkey`, `lookupvalue`, `lookupdatatype`, `dynamicfieldname`, `builtinconstraints`, `domain`, `factsuperclass`) VALUES ('waterworks.facts.WaterConsumption', 'waterworks.facts.WaterConsumption', 'Water Consumption', 'waterworks.facts.WaterConsumption', '1', NULL, 'WC', NULL, NULL, NULL, NULL, NULL, NULL, NULL, 'WATERWORKS', NULL);
INSERT INTO `sys_rule_fact` (`objid`, `name`, `title`, `factclass`, `sortorder`, `handler`, `defaultvarname`, `dynamic`, `lookuphandler`, `lookupkey`, `lookupvalue`, `lookupdatatype`, `dynamicfieldname`, `builtinconstraints`, `domain`, `factsuperclass`) VALUES ('waterworks.facts.WaterworksAttribute', 'waterworks.facts.WaterworksAttribute', 'Waterworks Attribute', 'waterworks.facts.WaterworksAttribute', '1', NULL, NULL, NULL, NULL, NULL, NULL, NULL, NULL, NULL, 'WATERWORKS', NULL);
INSERT INTO `sys_rule_fact` (`objid`, `name`, `title`, `factclass`, `sortorder`, `handler`, `defaultvarname`, `dynamic`, `lookuphandler`, `lookupkey`, `lookupvalue`, `lookupdatatype`, `dynamicfieldname`, `builtinconstraints`, `domain`, `factsuperclass`) VALUES ('treasury.facts.HolidayFact', 'treasury.facts.HolidayFact', 'Holidays', 'treasury.facts.HolidayFact', '1', NULL, 'HOLIDAYS', NULL, NULL, NULL, NULL, NULL, NULL, NULL, 'TREASURY', NULL);
INSERT INTO `sys_rule_fact` (`objid`, `name`, `title`, `factclass`, `sortorder`, `handler`, `defaultvarname`, `dynamic`, `lookuphandler`, `lookupkey`, `lookupvalue`, `lookupdatatype`, `dynamicfieldname`, `builtinconstraints`, `domain`, `factsuperclass`) VALUES ('waterworks.facts.WaterScheduleGroup', 'waterworks.facts.WaterScheduleGroup', 'Water Schedule Group', 'waterworks.facts.WaterScheduleGroup', '1', NULL, 'WBS', NULL, NULL, NULL, NULL, NULL, NULL, NULL, 'WATERWORKS', NULL);
INSERT INTO `sys_rule_fact` (`objid`, `name`, `title`, `factclass`, `sortorder`, `handler`, `defaultvarname`, `dynamic`, `lookuphandler`, `lookupkey`, `lookupvalue`, `lookupdatatype`, `dynamicfieldname`, `builtinconstraints`, `domain`, `factsuperclass`) VALUES ('treasury.facts.VarInteger', 'treasury.facts.VarInteger', 'Var Integer', 'treasury.facts.VarInteger', '0', NULL, NULL, NULL, NULL, NULL, NULL, NULL, NULL, NULL, 'TREASURY', NULL);
INSERT INTO `sys_rule_fact` (`objid`, `name`, `title`, `factclass`, `sortorder`, `handler`, `defaultvarname`, `dynamic`, `lookuphandler`, `lookupkey`, `lookupvalue`, `lookupdatatype`, `dynamicfieldname`, `builtinconstraints`, `domain`, `factsuperclass`) VALUES ('waterworks.facts.WaterMeter', 'waterworks.facts.WaterMeter', 'Water Meter', 'waterworks.facts.WaterMeter', '1', NULL, NULL, NULL, NULL, NULL, NULL, NULL, NULL, NULL, 'WATERWORKS', NULL);
INSERT INTO `sys_rule_fact` (`objid`, `name`, `title`, `factclass`, `sortorder`, `handler`, `defaultvarname`, `dynamic`, `lookuphandler`, `lookupkey`, `lookupvalue`, `lookupdatatype`, `dynamicfieldname`, `builtinconstraints`, `domain`, `factsuperclass`) VALUES ('treasury.facts.Deposit', 'treasury.facts.Deposit', 'Deposit', 'treasury.facts.Deposit', '5', NULL, 'PMT', NULL, NULL, NULL, NULL, NULL, NULL, NULL, 'TREASURY', NULL);
INSERT INTO `sys_rule_fact` (`objid`, `name`, `title`, `factclass`, `sortorder`, `handler`, `defaultvarname`, `dynamic`, `lookuphandler`, `lookupkey`, `lookupvalue`, `lookupdatatype`, `dynamicfieldname`, `builtinconstraints`, `domain`, `factsuperclass`) VALUES ('treasury.facts.ExcessPayment', 'treasury.facts.ExcessPayment', 'Excess Payment', 'treasury.facts.ExcessPayment', '5', NULL, 'EXPMT', NULL, NULL, NULL, NULL, NULL, NULL, NULL, 'TREASURY', NULL);
INSERT INTO `sys_rule_fact` (`objid`, `name`, `title`, `factclass`, `sortorder`, `handler`, `defaultvarname`, `dynamic`, `lookuphandler`, `lookupkey`, `lookupvalue`, `lookupdatatype`, `dynamicfieldname`, `builtinconstraints`, `domain`, `factsuperclass`) VALUES ('treasury.facts.Payment', 'treasury.facts.Payment', 'Payment', 'treasury.facts.Payment', '5', NULL, 'PMT', NULL, NULL, NULL, NULL, NULL, NULL, NULL, 'TREASURY', NULL);

INSERT INTO `sys_rule_fact_field` (`objid`, `parentid`, `name`, `title`, `datatype`, `sortorder`, `handler`, `lookuphandler`, `lookupkey`, `lookupvalue`, `lookupdatatype`, `multivalued`, `required`, `vardatatype`, `lovname`) VALUES ('treasury.facts.BillItem.account', 'treasury.facts.BillItem', 'account', 'Account', 'string', '3', 'lookup', 'revenueitem:lookup', 'objid', 'title', NULL, NULL, NULL, 'object', NULL);
INSERT INTO `sys_rule_fact_field` (`objid`, `parentid`, `name`, `title`, `datatype`, `sortorder`, `handler`, `lookuphandler`, `lookupkey`, `lookupvalue`, `lookupdatatype`, `multivalued`, `required`, `vardatatype`, `lovname`) VALUES ('treasury.facts.BillItem.account.objid', 'treasury.facts.BillItem', 'account.objid', 'Account', 'string', '2', 'lookup', 'revenueitem:lookup', 'objid', 'title', NULL, NULL, NULL, 'string', NULL);
INSERT INTO `sys_rule_fact_field` (`objid`, `parentid`, `name`, `title`, `datatype`, `sortorder`, `handler`, `lookuphandler`, `lookupkey`, `lookupvalue`, `lookupdatatype`, `multivalued`, `required`, `vardatatype`, `lovname`) VALUES ('treasury.facts.BillItem.amount', 'treasury.facts.BillItem', 'amount', 'Amount', 'decimal', '1', 'decimal', NULL, NULL, NULL, NULL, NULL, NULL, 'decimal', NULL);
INSERT INTO `sys_rule_fact_field` (`objid`, `parentid`, `name`, `title`, `datatype`, `sortorder`, `handler`, `lookuphandler`, `lookupkey`, `lookupvalue`, `lookupdatatype`, `multivalued`, `required`, `vardatatype`, `lovname`) VALUES ('treasury.facts.BillItem.billcode', 'treasury.facts.BillItem', 'billcode', 'Bill code', 'string', '16', 'lookup', 'waterworks_itemaccount:lookup', 'objid', 'title', NULL, NULL, NULL, 'string', NULL);
INSERT INTO `sys_rule_fact_field` (`objid`, `parentid`, `name`, `title`, `datatype`, `sortorder`, `handler`, `lookuphandler`, `lookupkey`, `lookupvalue`, `lookupdatatype`, `multivalued`, `required`, `vardatatype`, `lovname`) VALUES ('treasury.facts.BillItem.billrefid', 'treasury.facts.BillItem', 'billrefid', 'Bill Ref ID', 'string', '7', 'var', NULL, NULL, NULL, NULL, NULL, NULL, 'string', NULL);
INSERT INTO `sys_rule_fact_field` (`objid`, `parentid`, `name`, `title`, `datatype`, `sortorder`, `handler`, `lookuphandler`, `lookupkey`, `lookupvalue`, `lookupdatatype`, `multivalued`, `required`, `vardatatype`, `lovname`) VALUES ('treasury.facts.BillItem.discount', 'treasury.facts.BillItem', 'discount', 'Discount', 'decimal', '8', 'decimal', NULL, NULL, NULL, NULL, NULL, NULL, 'decimal', NULL);
INSERT INTO `sys_rule_fact_field` (`objid`, `parentid`, `name`, `title`, `datatype`, `sortorder`, `handler`, `lookuphandler`, `lookupkey`, `lookupvalue`, `lookupdatatype`, `multivalued`, `required`, `vardatatype`, `lovname`) VALUES ('treasury.facts.BillItem.duedate', 'treasury.facts.BillItem', 'duedate', 'Due Date', 'date', '4', 'date', NULL, NULL, NULL, NULL, NULL, NULL, 'date', NULL);
INSERT INTO `sys_rule_fact_field` (`objid`, `parentid`, `name`, `title`, `datatype`, `sortorder`, `handler`, `lookuphandler`, `lookupkey`, `lookupvalue`, `lookupdatatype`, `multivalued`, `required`, `vardatatype`, `lovname`) VALUES ('treasury.facts.BillItem.fromdate', 'treasury.facts.BillItem', 'fromdate', 'From Date', 'date', '14', 'date', NULL, NULL, NULL, NULL, NULL, NULL, 'date', NULL);
INSERT INTO `sys_rule_fact_field` (`objid`, `parentid`, `name`, `title`, `datatype`, `sortorder`, `handler`, `lookuphandler`, `lookupkey`, `lookupvalue`, `lookupdatatype`, `multivalued`, `required`, `vardatatype`, `lovname`) VALUES ('treasury.facts.BillItem.interest', 'treasury.facts.BillItem', 'interest', 'Interest', 'decimal', '11', 'decimal', NULL, NULL, NULL, NULL, NULL, NULL, 'decimal', NULL);
INSERT INTO `sys_rule_fact_field` (`objid`, `parentid`, `name`, `title`, `datatype`, `sortorder`, `handler`, `lookuphandler`, `lookupkey`, `lookupvalue`, `lookupdatatype`, `multivalued`, `required`, `vardatatype`, `lovname`) VALUES ('treasury.facts.BillItem.month', 'treasury.facts.BillItem', 'month', 'Month', 'integer', '13', 'integer', NULL, NULL, NULL, NULL, NULL, NULL, 'integer', NULL);
INSERT INTO `sys_rule_fact_field` (`objid`, `parentid`, `name`, `title`, `datatype`, `sortorder`, `handler`, `lookuphandler`, `lookupkey`, `lookupvalue`, `lookupdatatype`, `multivalued`, `required`, `vardatatype`, `lovname`) VALUES ('treasury.facts.BillItem.org', 'treasury.facts.BillItem', 'org', 'Org', 'string', '10', 'var', NULL, NULL, NULL, NULL, NULL, NULL, 'enterprise.facts.Org', NULL);
INSERT INTO `sys_rule_fact_field` (`objid`, `parentid`, `name`, `title`, `datatype`, `sortorder`, `handler`, `lookuphandler`, `lookupkey`, `lookupvalue`, `lookupdatatype`, `multivalued`, `required`, `vardatatype`, `lovname`) VALUES ('treasury.facts.BillItem.parentaccount', 'treasury.facts.BillItem', 'parentaccount', 'Parent Account', 'string', '9', 'lookup', 'revenueitem:lookup', 'objid', 'title', NULL, NULL, NULL, 'object', NULL);
INSERT INTO `sys_rule_fact_field` (`objid`, `parentid`, `name`, `title`, `datatype`, `sortorder`, `handler`, `lookuphandler`, `lookupkey`, `lookupvalue`, `lookupdatatype`, `multivalued`, `required`, `vardatatype`, `lovname`) VALUES ('treasury.facts.BillItem.paypriority', 'treasury.facts.BillItem', 'paypriority', 'Pay Priority', 'integer', '18', 'integer', NULL, NULL, NULL, NULL, NULL, NULL, 'integer', NULL);
INSERT INTO `sys_rule_fact_field` (`objid`, `parentid`, `name`, `title`, `datatype`, `sortorder`, `handler`, `lookuphandler`, `lookupkey`, `lookupvalue`, `lookupdatatype`, `multivalued`, `required`, `vardatatype`, `lovname`) VALUES ('treasury.facts.BillItem.refid', 'treasury.facts.BillItem', 'refid', 'Ref ID', 'string', '16', 'var', NULL, NULL, NULL, NULL, NULL, NULL, 'string', NULL);
INSERT INTO `sys_rule_fact_field` (`objid`, `parentid`, `name`, `title`, `datatype`, `sortorder`, `handler`, `lookuphandler`, `lookupkey`, `lookupvalue`, `lookupdatatype`, `multivalued`, `required`, `vardatatype`, `lovname`) VALUES ('treasury.facts.BillItem.remarks', 'treasury.facts.BillItem', 'remarks', 'Remarks', 'string', '17', 'string', NULL, NULL, NULL, NULL, NULL, NULL, 'string', NULL);
INSERT INTO `sys_rule_fact_field` (`objid`, `parentid`, `name`, `title`, `datatype`, `sortorder`, `handler`, `lookuphandler`, `lookupkey`, `lookupvalue`, `lookupdatatype`, `multivalued`, `required`, `vardatatype`, `lovname`) VALUES ('treasury.facts.BillItem.sortorder', 'treasury.facts.BillItem', 'sortorder', 'Sort Order', 'integer', '19', 'integer', NULL, NULL, NULL, NULL, NULL, NULL, 'integer', NULL);
INSERT INTO `sys_rule_fact_field` (`objid`, `parentid`, `name`, `title`, `datatype`, `sortorder`, `handler`, `lookuphandler`, `lookupkey`, `lookupvalue`, `lookupdatatype`, `multivalued`, `required`, `vardatatype`, `lovname`) VALUES ('treasury.facts.BillItem.surcharge', 'treasury.facts.BillItem', 'surcharge', 'Surcharge', 'decimal', '5', 'decimal', NULL, NULL, NULL, NULL, NULL, NULL, 'decimal', NULL);
INSERT INTO `sys_rule_fact_field` (`objid`, `parentid`, `name`, `title`, `datatype`, `sortorder`, `handler`, `lookuphandler`, `lookupkey`, `lookupvalue`, `lookupdatatype`, `multivalued`, `required`, `vardatatype`, `lovname`) VALUES ('treasury.facts.BillItem.tag', 'treasury.facts.BillItem', 'tag', 'Tag', 'string', '20', 'string', NULL, NULL, NULL, NULL, NULL, NULL, 'string', NULL);
INSERT INTO `sys_rule_fact_field` (`objid`, `parentid`, `name`, `title`, `datatype`, `sortorder`, `handler`, `lookuphandler`, `lookupkey`, `lookupvalue`, `lookupdatatype`, `multivalued`, `required`, `vardatatype`, `lovname`) VALUES ('treasury.facts.BillItem.todate', 'treasury.facts.BillItem', 'todate', 'To Date', 'date', '15', 'date', NULL, NULL, NULL, NULL, NULL, NULL, 'date', NULL);
INSERT INTO `sys_rule_fact_field` (`objid`, `parentid`, `name`, `title`, `datatype`, `sortorder`, `handler`, `lookuphandler`, `lookupkey`, `lookupvalue`, `lookupdatatype`, `multivalued`, `required`, `vardatatype`, `lovname`) VALUES ('treasury.facts.BillItem.txntype', 'treasury.facts.BillItem', 'txntype', 'Txn Type', 'string', '6', 'lookup', 'billitem_txntype:lookup', 'objid', 'title', NULL, NULL, NULL, 'string', NULL);
INSERT INTO `sys_rule_fact_field` (`objid`, `parentid`, `name`, `title`, `datatype`, `sortorder`, `handler`, `lookuphandler`, `lookupkey`, `lookupvalue`, `lookupdatatype`, `multivalued`, `required`, `vardatatype`, `lovname`) VALUES ('treasury.facts.BillItem.year', 'treasury.facts.BillItem', 'year', 'Year', 'integer', '12', 'integer', NULL, NULL, NULL, NULL, NULL, NULL, 'integer', NULL);
INSERT INTO `sys_rule_fact_field` (`objid`, `parentid`, `name`, `title`, `datatype`, `sortorder`, `handler`, `lookuphandler`, `lookupkey`, `lookupvalue`, `lookupdatatype`, `multivalued`, `required`, `vardatatype`, `lovname`) VALUES ('treasury.facts.Requirement.code', 'treasury.facts.Requirement', 'code', 'Code', 'string', '1', 'lookup', 'requirementtype:lookup', 'code', 'title', NULL, NULL, NULL, 'string', NULL);
INSERT INTO `sys_rule_fact_field` (`objid`, `parentid`, `name`, `title`, `datatype`, `sortorder`, `handler`, `lookuphandler`, `lookupkey`, `lookupvalue`, `lookupdatatype`, `multivalued`, `required`, `vardatatype`, `lovname`) VALUES ('treasury.facts.Requirement.completed', 'treasury.facts.Requirement', 'completed', 'Completed', 'boolean', '2', 'boolean', NULL, NULL, NULL, NULL, NULL, NULL, 'boolean', NULL);
INSERT INTO `sys_rule_fact_field` (`objid`, `parentid`, `name`, `title`, `datatype`, `sortorder`, `handler`, `lookuphandler`, `lookupkey`, `lookupvalue`, `lookupdatatype`, `multivalued`, `required`, `vardatatype`, `lovname`) VALUES ('com.rameses.rules.common.CurrentDate.date', 'com.rameses.rules.common.CurrentDate', 'date', 'Date', 'date', '4', 'date', NULL, NULL, NULL, NULL, NULL, NULL, 'date', NULL);
INSERT INTO `sys_rule_fact_field` (`objid`, `parentid`, `name`, `title`, `datatype`, `sortorder`, `handler`, `lookuphandler`, `lookupkey`, `lookupvalue`, `lookupdatatype`, `multivalued`, `required`, `vardatatype`, `lovname`) VALUES ('com.rameses.rules.common.CurrentDate.day', 'com.rameses.rules.common.CurrentDate', 'day', 'Day', 'integer', '5', 'integer', NULL, NULL, NULL, NULL, NULL, NULL, 'integer', NULL);
INSERT INTO `sys_rule_fact_field` (`objid`, `parentid`, `name`, `title`, `datatype`, `sortorder`, `handler`, `lookuphandler`, `lookupkey`, `lookupvalue`, `lookupdatatype`, `multivalued`, `required`, `vardatatype`, `lovname`) VALUES ('com.rameses.rules.common.CurrentDate.month', 'com.rameses.rules.common.CurrentDate', 'month', 'Month', 'integer', '3', 'integer', NULL, NULL, NULL, NULL, NULL, NULL, 'integer', NULL);
INSERT INTO `sys_rule_fact_field` (`objid`, `parentid`, `name`, `title`, `datatype`, `sortorder`, `handler`, `lookuphandler`, `lookupkey`, `lookupvalue`, `lookupdatatype`, `multivalued`, `required`, `vardatatype`, `lovname`) VALUES ('com.rameses.rules.common.CurrentDate.qtr', 'com.rameses.rules.common.CurrentDate', 'qtr', 'Qtr', 'integer', '1', 'integer', NULL, NULL, NULL, NULL, NULL, NULL, 'integer', NULL);
INSERT INTO `sys_rule_fact_field` (`objid`, `parentid`, `name`, `title`, `datatype`, `sortorder`, `handler`, `lookuphandler`, `lookupkey`, `lookupvalue`, `lookupdatatype`, `multivalued`, `required`, `vardatatype`, `lovname`) VALUES ('com.rameses.rules.common.CurrentDate.year', 'com.rameses.rules.common.CurrentDate', 'year', 'Year', 'integer', '2', 'integer', NULL, NULL, NULL, NULL, NULL, NULL, 'integer', NULL);
INSERT INTO `sys_rule_fact_field` (`objid`, `parentid`, `name`, `title`, `datatype`, `sortorder`, `handler`, `lookuphandler`, `lookupkey`, `lookupvalue`, `lookupdatatype`, `multivalued`, `required`, `vardatatype`, `lovname`) VALUES ('treasury.facts.TransactionDate.date', 'treasury.facts.TransactionDate', 'date', 'Date', 'date', '1', 'date', NULL, NULL, NULL, NULL, NULL, NULL, 'date', NULL);
INSERT INTO `sys_rule_fact_field` (`objid`, `parentid`, `name`, `title`, `datatype`, `sortorder`, `handler`, `lookuphandler`, `lookupkey`, `lookupvalue`, `lookupdatatype`, `multivalued`, `required`, `vardatatype`, `lovname`) VALUES ('treasury.facts.TransactionDate.day', 'treasury.facts.TransactionDate', 'day', 'Day', 'integer', '4', 'integer', NULL, NULL, NULL, NULL, NULL, NULL, 'integer', NULL);
INSERT INTO `sys_rule_fact_field` (`objid`, `parentid`, `name`, `title`, `datatype`, `sortorder`, `handler`, `lookuphandler`, `lookupkey`, `lookupvalue`, `lookupdatatype`, `multivalued`, `required`, `vardatatype`, `lovname`) VALUES ('treasury.facts.TransactionDate.month', 'treasury.facts.TransactionDate', 'month', 'Month', 'integer', '3', 'integer', NULL, NULL, NULL, NULL, NULL, NULL, 'integer', NULL);
INSERT INTO `sys_rule_fact_field` (`objid`, `parentid`, `name`, `title`, `datatype`, `sortorder`, `handler`, `lookuphandler`, `lookupkey`, `lookupvalue`, `lookupdatatype`, `multivalued`, `required`, `vardatatype`, `lovname`) VALUES ('treasury.facts.TransactionDate.qtr', 'treasury.facts.TransactionDate', 'qtr', 'Qtr', 'integer', '5', 'integer', NULL, NULL, NULL, NULL, NULL, NULL, 'integer', NULL);
INSERT INTO `sys_rule_fact_field` (`objid`, `parentid`, `name`, `title`, `datatype`, `sortorder`, `handler`, `lookuphandler`, `lookupkey`, `lookupvalue`, `lookupdatatype`, `multivalued`, `required`, `vardatatype`, `lovname`) VALUES ('treasury.facts.TransactionDate.tag', 'treasury.facts.TransactionDate', 'tag', 'Tag', 'string', '6', 'string', NULL, NULL, NULL, NULL, NULL, NULL, 'string', NULL);
INSERT INTO `sys_rule_fact_field` (`objid`, `parentid`, `name`, `title`, `datatype`, `sortorder`, `handler`, `lookuphandler`, `lookupkey`, `lookupvalue`, `lookupdatatype`, `multivalued`, `required`, `vardatatype`, `lovname`) VALUES ('treasury.facts.TransactionDate.year', 'treasury.facts.TransactionDate', 'year', 'Year', 'integer', '2', 'integer', NULL, NULL, NULL, NULL, NULL, NULL, 'integer', NULL);
INSERT INTO `sys_rule_fact_field` (`objid`, `parentid`, `name`, `title`, `datatype`, `sortorder`, `handler`, `lookuphandler`, `lookupkey`, `lookupvalue`, `lookupdatatype`, `multivalued`, `required`, `vardatatype`, `lovname`) VALUES ('waterworks.facts.WaterAccount.barangay', 'waterworks.facts.WaterAccount', 'barangay', 'Barangay', 'string', '3', 'lookup', 'barangay:lookup', 'objid', 'name', NULL, NULL, NULL, 'string', NULL);
INSERT INTO `sys_rule_fact_field` (`objid`, `parentid`, `name`, `title`, `datatype`, `sortorder`, `handler`, `lookuphandler`, `lookupkey`, `lookupvalue`, `lookupdatatype`, `multivalued`, `required`, `vardatatype`, `lovname`) VALUES ('waterworks.facts.WaterAccount.classification', 'waterworks.facts.WaterAccount', 'classification', 'Classification', 'string', '1', 'lookup', 'waterworks_classification:lookup', 'objid', 'description', NULL, NULL, NULL, 'string', NULL);
INSERT INTO `sys_rule_fact_field` (`objid`, `parentid`, `name`, `title`, `datatype`, `sortorder`, `handler`, `lookuphandler`, `lookupkey`, `lookupvalue`, `lookupdatatype`, `multivalued`, `required`, `vardatatype`, `lovname`) VALUES ('waterworks.facts.WaterAccount.hasarrears', 'waterworks.facts.WaterAccount', 'hasarrears', 'Has Arrears', 'boolean', '7', 'boolean', NULL, NULL, NULL, NULL, NULL, NULL, 'boolean', NULL);
INSERT INTO `sys_rule_fact_field` (`objid`, `parentid`, `name`, `title`, `datatype`, `sortorder`, `handler`, `lookuphandler`, `lookupkey`, `lookupvalue`, `lookupdatatype`, `multivalued`, `required`, `vardatatype`, `lovname`) VALUES ('waterworks.facts.WaterAccount.metered', 'waterworks.facts.WaterAccount', 'metered', 'Metered', 'boolean', '6', 'boolean', NULL, NULL, NULL, NULL, NULL, NULL, 'boolean', NULL);
INSERT INTO `sys_rule_fact_field` (`objid`, `parentid`, `name`, `title`, `datatype`, `sortorder`, `handler`, `lookuphandler`, `lookupkey`, `lookupvalue`, `lookupdatatype`, `multivalued`, `required`, `vardatatype`, `lovname`) VALUES ('waterworks.facts.WaterAccount.metersize', 'waterworks.facts.WaterAccount', 'metersize', 'Meter Size', 'string', '2', 'lookup', 'waterworks_metersize:lookup', 'objid', 'title', NULL, NULL, NULL, 'string', NULL);
INSERT INTO `sys_rule_fact_field` (`objid`, `parentid`, `name`, `title`, `datatype`, `sortorder`, `handler`, `lookuphandler`, `lookupkey`, `lookupvalue`, `lookupdatatype`, `multivalued`, `required`, `vardatatype`, `lovname`) VALUES ('waterworks.facts.WaterAccount.state', 'waterworks.facts.WaterAccount', 'state', 'State', 'string', '5', 'lov', NULL, NULL, NULL, NULL, NULL, NULL, 'string', 'WATERWORKS_ACCOUNT_STATE');
INSERT INTO `sys_rule_fact_field` (`objid`, `parentid`, `name`, `title`, `datatype`, `sortorder`, `handler`, `lookuphandler`, `lookupkey`, `lookupvalue`, `lookupdatatype`, `multivalued`, `required`, `vardatatype`, `lovname`) VALUES ('waterworks.facts.WaterAccount.units', 'waterworks.facts.WaterAccount', 'units', 'No. of Units', 'integer', '4', 'integer', NULL, NULL, NULL, NULL, NULL, NULL, 'integer', NULL);
INSERT INTO `sys_rule_fact_field` (`objid`, `parentid`, `name`, `title`, `datatype`, `sortorder`, `handler`, `lookuphandler`, `lookupkey`, `lookupvalue`, `lookupdatatype`, `multivalued`, `required`, `vardatatype`, `lovname`) VALUES ('waterworks.facts.WaterBill.balanceforward', 'waterworks.facts.WaterBill', 'balanceforward', 'Balance Forward', 'decimal', '3', 'decimal', NULL, NULL, NULL, NULL, NULL, NULL, 'decimal', NULL);
INSERT INTO `sys_rule_fact_field` (`objid`, `parentid`, `name`, `title`, `datatype`, `sortorder`, `handler`, `lookuphandler`, `lookupkey`, `lookupvalue`, `lookupdatatype`, `multivalued`, `required`, `vardatatype`, `lovname`) VALUES ('waterworks.facts.WaterBill.billdate', 'waterworks.facts.WaterBill', 'billdate', 'Bill Date', 'date', '4', 'date', NULL, NULL, NULL, NULL, NULL, NULL, 'date', NULL);
INSERT INTO `sys_rule_fact_field` (`objid`, `parentid`, `name`, `title`, `datatype`, `sortorder`, `handler`, `lookuphandler`, `lookupkey`, `lookupvalue`, `lookupdatatype`, `multivalued`, `required`, `vardatatype`, `lovname`) VALUES ('waterworks.facts.WaterBill.discdate', 'waterworks.facts.WaterBill', 'discdate', 'Disc. Date', 'date', '7', 'date', NULL, NULL, NULL, NULL, NULL, NULL, 'date', NULL);
INSERT INTO `sys_rule_fact_field` (`objid`, `parentid`, `name`, `title`, `datatype`, `sortorder`, `handler`, `lookuphandler`, `lookupkey`, `lookupvalue`, `lookupdatatype`, `multivalued`, `required`, `vardatatype`, `lovname`) VALUES ('waterworks.facts.WaterBill.duedate', 'waterworks.facts.WaterBill', 'duedate', 'Due Date', 'date', '8', 'date', NULL, NULL, NULL, NULL, NULL, NULL, 'date', NULL);
INSERT INTO `sys_rule_fact_field` (`objid`, `parentid`, `name`, `title`, `datatype`, `sortorder`, `handler`, `lookuphandler`, `lookupkey`, `lookupvalue`, `lookupdatatype`, `multivalued`, `required`, `vardatatype`, `lovname`) VALUES ('waterworks.facts.WaterBill.expirydate', 'waterworks.facts.WaterBill', 'expirydate', 'Expiry Date', 'date', '9', 'date', NULL, NULL, NULL, NULL, NULL, NULL, 'date', NULL);
INSERT INTO `sys_rule_fact_field` (`objid`, `parentid`, `name`, `title`, `datatype`, `sortorder`, `handler`, `lookuphandler`, `lookupkey`, `lookupvalue`, `lookupdatatype`, `multivalued`, `required`, `vardatatype`, `lovname`) VALUES ('waterworks.facts.WaterBill.fromdate', 'waterworks.facts.WaterBill', 'fromdate', 'From Date', 'date', '5', 'date', NULL, NULL, NULL, NULL, NULL, NULL, 'date', NULL);
INSERT INTO `sys_rule_fact_field` (`objid`, `parentid`, `name`, `title`, `datatype`, `sortorder`, `handler`, `lookuphandler`, `lookupkey`, `lookupvalue`, `lookupdatatype`, `multivalued`, `required`, `vardatatype`, `lovname`) VALUES ('waterworks.facts.WaterBill.month', 'waterworks.facts.WaterBill', 'month', 'Month', 'integer', '2', 'integer', NULL, NULL, NULL, NULL, NULL, NULL, 'integer', NULL);
INSERT INTO `sys_rule_fact_field` (`objid`, `parentid`, `name`, `title`, `datatype`, `sortorder`, `handler`, `lookuphandler`, `lookupkey`, `lookupvalue`, `lookupdatatype`, `multivalued`, `required`, `vardatatype`, `lovname`) VALUES ('waterworks.facts.WaterBill.todate', 'waterworks.facts.WaterBill', 'todate', 'To Date', 'date', '6', 'date', NULL, NULL, NULL, NULL, NULL, NULL, 'date', NULL);
INSERT INTO `sys_rule_fact_field` (`objid`, `parentid`, `name`, `title`, `datatype`, `sortorder`, `handler`, `lookuphandler`, `lookupkey`, `lookupvalue`, `lookupdatatype`, `multivalued`, `required`, `vardatatype`, `lovname`) VALUES ('waterworks.facts.WaterBill.totalunpaid', 'waterworks.facts.WaterBill', 'totalunpaid', 'Total Unpaid', 'decimal', '10', 'decimal', NULL, NULL, NULL, NULL, NULL, NULL, 'decimal', NULL);
INSERT INTO `sys_rule_fact_field` (`objid`, `parentid`, `name`, `title`, `datatype`, `sortorder`, `handler`, `lookuphandler`, `lookupkey`, `lookupvalue`, `lookupdatatype`, `multivalued`, `required`, `vardatatype`, `lovname`) VALUES ('waterworks.facts.WaterBill.year', 'waterworks.facts.WaterBill', 'year', 'Year', 'integer', '1', 'integer', NULL, NULL, NULL, NULL, NULL, NULL, 'integer', NULL);
INSERT INTO `sys_rule_fact_field` (`objid`, `parentid`, `name`, `title`, `datatype`, `sortorder`, `handler`, `lookuphandler`, `lookupkey`, `lookupvalue`, `lookupdatatype`, `multivalued`, `required`, `vardatatype`, `lovname`) VALUES ('waterworks.facts.WaterBill.yearmonth', 'waterworks.facts.WaterBill', 'yearmonth', 'Year Month', 'integer', '11', 'integer', NULL, NULL, NULL, NULL, NULL, NULL, 'integer', NULL);
INSERT INTO `sys_rule_fact_field` (`objid`, `parentid`, `name`, `title`, `datatype`, `sortorder`, `handler`, `lookuphandler`, `lookupkey`, `lookupvalue`, `lookupdatatype`, `multivalued`, `required`, `vardatatype`, `lovname`) VALUES ('waterworks.facts.WaterBillingPeriod.billdate', 'waterworks.facts.WaterBillingPeriod', 'billdate', 'Bill Date', 'date', '7', 'date', NULL, NULL, NULL, NULL, NULL, NULL, 'date', NULL);
INSERT INTO `sys_rule_fact_field` (`objid`, `parentid`, `name`, `title`, `datatype`, `sortorder`, `handler`, `lookuphandler`, `lookupkey`, `lookupvalue`, `lookupdatatype`, `multivalued`, `required`, `vardatatype`, `lovname`) VALUES ('waterworks.facts.WaterBillingPeriod.billexpirydate', 'waterworks.facts.WaterBillingPeriod', 'billexpirydate', 'Bill Expiry Date', 'date', '11', 'date', NULL, NULL, NULL, NULL, NULL, NULL, 'date', NULL);
INSERT INTO `sys_rule_fact_field` (`objid`, `parentid`, `name`, `title`, `datatype`, `sortorder`, `handler`, `lookuphandler`, `lookupkey`, `lookupvalue`, `lookupdatatype`, `multivalued`, `required`, `vardatatype`, `lovname`) VALUES ('waterworks.facts.WaterBillingPeriod.billingenddate', 'waterworks.facts.WaterBillingPeriod', 'billingenddate', 'Billing End Date', 'date', '8', 'date', NULL, NULL, NULL, NULL, NULL, NULL, 'date', NULL);
INSERT INTO `sys_rule_fact_field` (`objid`, `parentid`, `name`, `title`, `datatype`, `sortorder`, `handler`, `lookuphandler`, `lookupkey`, `lookupvalue`, `lookupdatatype`, `multivalued`, `required`, `vardatatype`, `lovname`) VALUES ('waterworks.facts.WaterBillingPeriod.discdate', 'waterworks.facts.WaterBillingPeriod', 'discdate', 'Discount Date', 'date', '9', 'date', NULL, NULL, NULL, NULL, NULL, NULL, 'date', NULL);
INSERT INTO `sys_rule_fact_field` (`objid`, `parentid`, `name`, `title`, `datatype`, `sortorder`, `handler`, `lookuphandler`, `lookupkey`, `lookupvalue`, `lookupdatatype`, `multivalued`, `required`, `vardatatype`, `lovname`) VALUES ('waterworks.facts.WaterBillingPeriod.duedate', 'waterworks.facts.WaterBillingPeriod', 'duedate', 'Due Date', 'date', '10', 'date', NULL, NULL, NULL, NULL, NULL, NULL, 'date', NULL);
INSERT INTO `sys_rule_fact_field` (`objid`, `parentid`, `name`, `title`, `datatype`, `sortorder`, `handler`, `lookuphandler`, `lookupkey`, `lookupvalue`, `lookupdatatype`, `multivalued`, `required`, `vardatatype`, `lovname`) VALUES ('waterworks.facts.WaterBillingPeriod.fromdate', 'waterworks.facts.WaterBillingPeriod', 'fromdate', 'From Date', 'date', '3', 'date', NULL, NULL, NULL, NULL, NULL, NULL, 'date', NULL);
INSERT INTO `sys_rule_fact_field` (`objid`, `parentid`, `name`, `title`, `datatype`, `sortorder`, `handler`, `lookuphandler`, `lookupkey`, `lookupvalue`, `lookupdatatype`, `multivalued`, `required`, `vardatatype`, `lovname`) VALUES ('waterworks.facts.WaterBillingPeriod.month', 'waterworks.facts.WaterBillingPeriod', 'month', 'Month', 'integer', '1', 'integer', NULL, NULL, NULL, NULL, NULL, NULL, 'integer', NULL);
INSERT INTO `sys_rule_fact_field` (`objid`, `parentid`, `name`, `title`, `datatype`, `sortorder`, `handler`, `lookuphandler`, `lookupkey`, `lookupvalue`, `lookupdatatype`, `multivalued`, `required`, `vardatatype`, `lovname`) VALUES ('waterworks.facts.WaterBillingPeriod.readingdate', 'waterworks.facts.WaterBillingPeriod', 'readingdate', 'Reading Date', 'date', '5', 'date', NULL, NULL, NULL, NULL, NULL, NULL, 'date', NULL);
INSERT INTO `sys_rule_fact_field` (`objid`, `parentid`, `name`, `title`, `datatype`, `sortorder`, `handler`, `lookuphandler`, `lookupkey`, `lookupvalue`, `lookupdatatype`, `multivalued`, `required`, `vardatatype`, `lovname`) VALUES ('waterworks.facts.WaterBillingPeriod.readingenddate', 'waterworks.facts.WaterBillingPeriod', 'readingenddate', 'Reading End Date', 'date', '6', 'date', NULL, NULL, NULL, NULL, NULL, NULL, 'date', NULL);
INSERT INTO `sys_rule_fact_field` (`objid`, `parentid`, `name`, `title`, `datatype`, `sortorder`, `handler`, `lookuphandler`, `lookupkey`, `lookupvalue`, `lookupdatatype`, `multivalued`, `required`, `vardatatype`, `lovname`) VALUES ('waterworks.facts.WaterBillingPeriod.todate', 'waterworks.facts.WaterBillingPeriod', 'todate', 'To Date', 'date', '4', 'date', NULL, NULL, NULL, NULL, NULL, NULL, 'date', NULL);
INSERT INTO `sys_rule_fact_field` (`objid`, `parentid`, `name`, `title`, `datatype`, `sortorder`, `handler`, `lookuphandler`, `lookupkey`, `lookupvalue`, `lookupdatatype`, `multivalued`, `required`, `vardatatype`, `lovname`) VALUES ('waterworks.facts.WaterBillingPeriod.year', 'waterworks.facts.WaterBillingPeriod', 'year', 'Year', 'integer', '2', 'integer', NULL, NULL, NULL, NULL, NULL, NULL, 'integer', NULL);
INSERT INTO `sys_rule_fact_field` (`objid`, `parentid`, `name`, `title`, `datatype`, `sortorder`, `handler`, `lookuphandler`, `lookupkey`, `lookupvalue`, `lookupdatatype`, `multivalued`, `required`, `vardatatype`, `lovname`) VALUES ('waterworks.facts.WaterBillItem.amount', 'waterworks.facts.WaterBillItem', 'amount', 'Amount', 'decimal', '2', 'decimal', NULL, NULL, NULL, NULL, NULL, NULL, 'decimal', NULL);
INSERT INTO `sys_rule_fact_field` (`objid`, `parentid`, `name`, `title`, `datatype`, `sortorder`, `handler`, `lookuphandler`, `lookupkey`, `lookupvalue`, `lookupdatatype`, `multivalued`, `required`, `vardatatype`, `lovname`) VALUES ('waterworks.facts.WaterBillItem.amtpaid', 'waterworks.facts.WaterBillItem', 'amtpaid', 'Amt Paid', 'decimal', '8', 'decimal', NULL, NULL, NULL, NULL, NULL, NULL, 'decimal', NULL);
INSERT INTO `sys_rule_fact_field` (`objid`, `parentid`, `name`, `title`, `datatype`, `sortorder`, `handler`, `lookuphandler`, `lookupkey`, `lookupvalue`, `lookupdatatype`, `multivalued`, `required`, `vardatatype`, `lovname`) VALUES ('waterworks.facts.WaterBillItem.billcode', 'waterworks.facts.WaterBillItem', 'billcode', 'Bill code', 'string', '1', 'lookup', 'waterworks_itemaccount:lookup', 'objid', 'title', NULL, NULL, NULL, 'string', NULL);
INSERT INTO `sys_rule_fact_field` (`objid`, `parentid`, `name`, `title`, `datatype`, `sortorder`, `handler`, `lookuphandler`, `lookupkey`, `lookupvalue`, `lookupdatatype`, `multivalued`, `required`, `vardatatype`, `lovname`) VALUES ('waterworks.facts.WaterBillItem.month', 'waterworks.facts.WaterBillItem', 'month', 'Month', 'integer', '4', 'integer', NULL, NULL, NULL, NULL, NULL, NULL, 'integer', NULL);
INSERT INTO `sys_rule_fact_field` (`objid`, `parentid`, `name`, `title`, `datatype`, `sortorder`, `handler`, `lookuphandler`, `lookupkey`, `lookupvalue`, `lookupdatatype`, `multivalued`, `required`, `vardatatype`, `lovname`) VALUES ('waterworks.facts.WaterBillItem.principal', 'waterworks.facts.WaterBillItem', 'principal', 'Principal', 'decimal', '7', 'decimal', NULL, NULL, NULL, NULL, NULL, NULL, 'decimal', NULL);
INSERT INTO `sys_rule_fact_field` (`objid`, `parentid`, `name`, `title`, `datatype`, `sortorder`, `handler`, `lookuphandler`, `lookupkey`, `lookupvalue`, `lookupdatatype`, `multivalued`, `required`, `vardatatype`, `lovname`) VALUES ('waterworks.facts.WaterBillItem.remarks', 'waterworks.facts.WaterBillItem', 'remarks', 'Remarks', 'string', '6', 'string', NULL, NULL, NULL, NULL, NULL, NULL, 'string', NULL);
INSERT INTO `sys_rule_fact_field` (`objid`, `parentid`, `name`, `title`, `datatype`, `sortorder`, `handler`, `lookuphandler`, `lookupkey`, `lookupvalue`, `lookupdatatype`, `multivalued`, `required`, `vardatatype`, `lovname`) VALUES ('waterworks.facts.WaterBillItem.volume', 'waterworks.facts.WaterBillItem', 'volume', 'Volume', 'integer', '5', 'integer', NULL, NULL, NULL, NULL, NULL, NULL, 'integer', NULL);
INSERT INTO `sys_rule_fact_field` (`objid`, `parentid`, `name`, `title`, `datatype`, `sortorder`, `handler`, `lookuphandler`, `lookupkey`, `lookupvalue`, `lookupdatatype`, `multivalued`, `required`, `vardatatype`, `lovname`) VALUES ('waterworks.facts.WaterBillItem.year', 'waterworks.facts.WaterBillItem', 'year', 'Year', 'integer', '3', 'integer', NULL, NULL, NULL, NULL, NULL, NULL, 'integer', NULL);
INSERT INTO `sys_rule_fact_field` (`objid`, `parentid`, `name`, `title`, `datatype`, `sortorder`, `handler`, `lookuphandler`, `lookupkey`, `lookupvalue`, `lookupdatatype`, `multivalued`, `required`, `vardatatype`, `lovname`) VALUES ('waterworks.facts.WaterBillItem.yearmonth', 'waterworks.facts.WaterBillItem', 'yearmonth', 'Year Month', 'integer', '9', 'integer', NULL, NULL, NULL, NULL, NULL, NULL, 'integer', NULL);
INSERT INTO `sys_rule_fact_field` (`objid`, `parentid`, `name`, `title`, `datatype`, `sortorder`, `handler`, `lookuphandler`, `lookupkey`, `lookupvalue`, `lookupdatatype`, `multivalued`, `required`, `vardatatype`, `lovname`) VALUES ('waterworks.facts.WaterBillRecurringFee.amount', 'waterworks.facts.WaterBillRecurringFee', 'amount', 'Amount', 'decimal', '7', 'decimal', NULL, NULL, NULL, NULL, NULL, NULL, 'decimal', NULL);
INSERT INTO `sys_rule_fact_field` (`objid`, `parentid`, `name`, `title`, `datatype`, `sortorder`, `handler`, `lookuphandler`, `lookupkey`, `lookupvalue`, `lookupdatatype`, `multivalued`, `required`, `vardatatype`, `lovname`) VALUES ('waterworks.facts.WaterBillRecurringFee.amtdue', 'waterworks.facts.WaterBillRecurringFee', 'amtdue', 'Amt Due', 'decimal', '8', 'decimal', NULL, NULL, NULL, NULL, NULL, NULL, 'decimal', NULL);
INSERT INTO `sys_rule_fact_field` (`objid`, `parentid`, `name`, `title`, `datatype`, `sortorder`, `handler`, `lookuphandler`, `lookupkey`, `lookupvalue`, `lookupdatatype`, `multivalued`, `required`, `vardatatype`, `lovname`) VALUES ('waterworks.facts.WaterBillRecurringFee.billcode', 'waterworks.facts.WaterBillRecurringFee', 'billcode', 'Bill code', 'string', '4', 'lookup', 'waterworks_itemaccount:lookup', 'objid', 'title', NULL, NULL, NULL, 'string', NULL);
INSERT INTO `sys_rule_fact_field` (`objid`, `parentid`, `name`, `title`, `datatype`, `sortorder`, `handler`, `lookuphandler`, `lookupkey`, `lookupvalue`, `lookupdatatype`, `multivalued`, `required`, `vardatatype`, `lovname`) VALUES ('waterworks.facts.WaterBillRecurringFee.installmentamount', 'waterworks.facts.WaterBillRecurringFee', 'installmentamount', 'Installment Amount', 'decimal', '5', 'decimal', NULL, NULL, NULL, NULL, NULL, NULL, 'decimal', NULL);
INSERT INTO `sys_rule_fact_field` (`objid`, `parentid`, `name`, `title`, `datatype`, `sortorder`, `handler`, `lookuphandler`, `lookupkey`, `lookupvalue`, `lookupdatatype`, `multivalued`, `required`, `vardatatype`, `lovname`) VALUES ('waterworks.facts.WaterBillRecurringFee.startmonth', 'waterworks.facts.WaterBillRecurringFee', 'startmonth', 'Start Month', 'integer', '2', 'integer', NULL, NULL, NULL, NULL, NULL, NULL, 'integer', NULL);
INSERT INTO `sys_rule_fact_field` (`objid`, `parentid`, `name`, `title`, `datatype`, `sortorder`, `handler`, `lookuphandler`, `lookupkey`, `lookupvalue`, `lookupdatatype`, `multivalued`, `required`, `vardatatype`, `lovname`) VALUES ('waterworks.facts.WaterBillRecurringFee.startyear', 'waterworks.facts.WaterBillRecurringFee', 'startyear', 'Start Year', 'integer', '1', 'integer', NULL, NULL, NULL, NULL, NULL, NULL, 'integer', NULL);
INSERT INTO `sys_rule_fact_field` (`objid`, `parentid`, `name`, `title`, `datatype`, `sortorder`, `handler`, `lookuphandler`, `lookupkey`, `lookupvalue`, `lookupdatatype`, `multivalued`, `required`, `vardatatype`, `lovname`) VALUES ('waterworks.facts.WaterBillRecurringFee.term', 'waterworks.facts.WaterBillRecurringFee', 'term', 'Term', 'integer', '6', 'integer', NULL, NULL, NULL, NULL, NULL, NULL, 'integer', NULL);
INSERT INTO `sys_rule_fact_field` (`objid`, `parentid`, `name`, `title`, `datatype`, `sortorder`, `handler`, `lookuphandler`, `lookupkey`, `lookupvalue`, `lookupdatatype`, `multivalued`, `required`, `vardatatype`, `lovname`) VALUES ('waterworks.facts.WaterBillRecurringFee.type', 'waterworks.facts.WaterBillRecurringFee', 'type', 'Type', 'string', '3', 'lov', NULL, NULL, NULL, NULL, NULL, NULL, 'string', 'WATERWORKS_RECURRINGFEE_TYPE');
INSERT INTO `sys_rule_fact_field` (`objid`, `parentid`, `name`, `title`, `datatype`, `sortorder`, `handler`, `lookuphandler`, `lookupkey`, `lookupvalue`, `lookupdatatype`, `multivalued`, `required`, `vardatatype`, `lovname`) VALUES ('waterworks.facts.WaterConsumption.amount', 'waterworks.facts.WaterConsumption', 'amount', 'Amount', 'decimal', '2', 'decimal', NULL, NULL, NULL, NULL, NULL, NULL, 'decimal', NULL);
INSERT INTO `sys_rule_fact_field` (`objid`, `parentid`, `name`, `title`, `datatype`, `sortorder`, `handler`, `lookuphandler`, `lookupkey`, `lookupvalue`, `lookupdatatype`, `multivalued`, `required`, `vardatatype`, `lovname`) VALUES ('waterworks.facts.WaterConsumption.hold', 'waterworks.facts.WaterConsumption', 'hold', 'Hold', 'boolean', '3', 'boolean', NULL, NULL, NULL, NULL, NULL, NULL, 'boolean', NULL);
INSERT INTO `sys_rule_fact_field` (`objid`, `parentid`, `name`, `title`, `datatype`, `sortorder`, `handler`, `lookuphandler`, `lookupkey`, `lookupvalue`, `lookupdatatype`, `multivalued`, `required`, `vardatatype`, `lovname`) VALUES ('waterworks.facts.WaterConsumption.volume', 'waterworks.facts.WaterConsumption', 'volume', 'Volume', 'integer', '1', 'integer', NULL, NULL, NULL, NULL, NULL, NULL, 'integer', NULL);
INSERT INTO `sys_rule_fact_field` (`objid`, `parentid`, `name`, `title`, `datatype`, `sortorder`, `handler`, `lookuphandler`, `lookupkey`, `lookupvalue`, `lookupdatatype`, `multivalued`, `required`, `vardatatype`, `lovname`) VALUES ('waterworks.facts.WaterworksAttribute.name', 'waterworks.facts.WaterworksAttribute', 'name', 'Name', 'string', '1', 'lookup', 'waterworks_attribute:lookup', 'name', 'title', NULL, NULL, NULL, 'string', NULL);
INSERT INTO `sys_rule_fact_field` (`objid`, `parentid`, `name`, `title`, `datatype`, `sortorder`, `handler`, `lookuphandler`, `lookupkey`, `lookupvalue`, `lookupdatatype`, `multivalued`, `required`, `vardatatype`, `lovname`) VALUES ('treasury.facts.HolidayFact.id', 'treasury.facts.HolidayFact', 'id', 'ID', 'string', '1', 'string', NULL, NULL, NULL, NULL, NULL, NULL, 'string', NULL);
INSERT INTO `sys_rule_fact_field` (`objid`, `parentid`, `name`, `title`, `datatype`, `sortorder`, `handler`, `lookuphandler`, `lookupkey`, `lookupvalue`, `lookupdatatype`, `multivalued`, `required`, `vardatatype`, `lovname`) VALUES ('waterworks.facts.WaterScheduleGroup.id', 'waterworks.facts.WaterScheduleGroup', 'id', 'ID', 'string', '1', 'lookup', 'waterworks_schedule_group:lookup', 'objid', 'objid', NULL, NULL, NULL, 'string', NULL);
INSERT INTO `sys_rule_fact_field` (`objid`, `parentid`, `name`, `title`, `datatype`, `sortorder`, `handler`, `lookuphandler`, `lookupkey`, `lookupvalue`, `lookupdatatype`, `multivalued`, `required`, `vardatatype`, `lovname`) VALUES ('treasury.facts.VarInteger.tag', 'treasury.facts.VarInteger', 'tag', 'Tag', 'string', '2', 'string', NULL, NULL, NULL, NULL, NULL, NULL, 'string', NULL);
INSERT INTO `sys_rule_fact_field` (`objid`, `parentid`, `name`, `title`, `datatype`, `sortorder`, `handler`, `lookuphandler`, `lookupkey`, `lookupvalue`, `lookupdatatype`, `multivalued`, `required`, `vardatatype`, `lovname`) VALUES ('treasury.facts.VarInteger.value', 'treasury.facts.VarInteger', 'value', 'Value', 'integer', '1', 'integer', NULL, NULL, NULL, NULL, NULL, NULL, 'integer', NULL);
INSERT INTO `sys_rule_fact_field` (`objid`, `parentid`, `name`, `title`, `datatype`, `sortorder`, `handler`, `lookuphandler`, `lookupkey`, `lookupvalue`, `lookupdatatype`, `multivalued`, `required`, `vardatatype`, `lovname`) VALUES ('waterworks.facts.WaterMeter.capacity', 'waterworks.facts.WaterMeter', 'capacity', 'Capacity', 'string', '3', 'var', NULL, NULL, NULL, NULL, NULL, NULL, 'WATERWORKS_METER_CAPACITY', NULL);
INSERT INTO `sys_rule_fact_field` (`objid`, `parentid`, `name`, `title`, `datatype`, `sortorder`, `handler`, `lookuphandler`, `lookupkey`, `lookupvalue`, `lookupdatatype`, `multivalued`, `required`, `vardatatype`, `lovname`) VALUES ('waterworks.facts.WaterMeter.sizeid', 'waterworks.facts.WaterMeter', 'sizeid', 'Size', 'string', '1', 'lookup', 'waterworks_metersize:lookup', 'objid', 'title', NULL, NULL, NULL, 'string', NULL);
INSERT INTO `sys_rule_fact_field` (`objid`, `parentid`, `name`, `title`, `datatype`, `sortorder`, `handler`, `lookuphandler`, `lookupkey`, `lookupvalue`, `lookupdatatype`, `multivalued`, `required`, `vardatatype`, `lovname`) VALUES ('waterworks.facts.WaterMeter.state', 'waterworks.facts.WaterMeter', 'state', 'Status', 'string', '2', 'var', NULL, NULL, NULL, NULL, NULL, NULL, 'WATERWORKS_METER_STATE', NULL);
INSERT INTO `sys_rule_fact_field` (`objid`, `parentid`, `name`, `title`, `datatype`, `sortorder`, `handler`, `lookuphandler`, `lookupkey`, `lookupvalue`, `lookupdatatype`, `multivalued`, `required`, `vardatatype`, `lovname`) VALUES ('treasury.facts.Deposit.amount', 'treasury.facts.Deposit', 'amount', 'Amount', 'decimal', '1', 'decimal', NULL, NULL, NULL, NULL, NULL, NULL, 'decimal', NULL);
INSERT INTO `sys_rule_fact_field` (`objid`, `parentid`, `name`, `title`, `datatype`, `sortorder`, `handler`, `lookuphandler`, `lookupkey`, `lookupvalue`, `lookupdatatype`, `multivalued`, `required`, `vardatatype`, `lovname`) VALUES ('treasury.facts.ExcessPayment.amount', 'treasury.facts.ExcessPayment', 'amount', 'Amount', 'decimal', '1', 'decimal', NULL, NULL, NULL, NULL, NULL, NULL, 'decimal', NULL);
INSERT INTO `sys_rule_fact_field` (`objid`, `parentid`, `name`, `title`, `datatype`, `sortorder`, `handler`, `lookuphandler`, `lookupkey`, `lookupvalue`, `lookupdatatype`, `multivalued`, `required`, `vardatatype`, `lovname`) VALUES ('treasury.facts.Payment.amount', 'treasury.facts.Payment', 'amount', 'Amount', 'decimal', '1', 'decimal', NULL, NULL, NULL, NULL, NULL, NULL, 'decimal', NULL);

INSERT INTO `sys_rule_actiondef` (`objid`, `name`, `title`, `sortorder`, `actionname`, `domain`, `actionclass`) VALUES ('enterprise.actions.AddRequirement', 'add-requirement', 'Add Requirement', '2', 'add-requirement', 'enterprise', 'enterprise.actions.AddRequirement');
INSERT INTO `sys_rule_actiondef` (`objid`, `name`, `title`, `sortorder`, `actionname`, `domain`, `actionclass`) VALUES ('treasury.actions.ComputeFee', 'compute-fee', 'Compute Fee', '0', 'compute-fee', 'treasury', 'treasury.actions.ComputeFee');
INSERT INTO `sys_rule_actiondef` (`objid`, `name`, `title`, `sortorder`, `actionname`, `domain`, `actionclass`) VALUES ('treasury.actions.SetBillItemAccount', 'set-billitem-account', 'Set Bill Item Account', '4', 'set-billitem-account', 'TREASURY', 'treasury.actions.SetBillItemAccount');
INSERT INTO `sys_rule_actiondef` (`objid`, `name`, `title`, `sortorder`, `actionname`, `domain`, `actionclass`) VALUES ('enterprise.actions.PrintTest', 'print-test', 'Print Test', '1', 'print-test', 'ENTERPRISE', 'enterprise.actions.PrintTest');
INSERT INTO `sys_rule_actiondef` (`objid`, `name`, `title`, `sortorder`, `actionname`, `domain`, `actionclass`) VALUES ('treasury.actions.AddCreditBillItem', 'add-credit-billitem', 'Add Credit Bill Item', '2', 'add-credit-billitem', 'TREASURY', 'treasury.actions.AddCreditBillItem');
INSERT INTO `sys_rule_actiondef` (`objid`, `name`, `title`, `sortorder`, `actionname`, `domain`, `actionclass`) VALUES ('treasury.actions.SetBillItemProperty', 'set-billitem-property', 'Set BillItem Property Value', '10', 'set-billitem-property', 'TREASURY', 'treasury.actions.SetBillItemProperty');
INSERT INTO `sys_rule_actiondef` (`objid`, `name`, `title`, `sortorder`, `actionname`, `domain`, `actionclass`) VALUES ('waterworks.actions.AddRecurringWaterBillItem', 'add-recurring-waterbillitem', 'Add Recurring Water Bill Item', '0', 'add-recurring-waterbillitem', 'waterworks', 'waterworks.actions.AddRecurringWaterBillItem');
INSERT INTO `sys_rule_actiondef` (`objid`, `name`, `title`, `sortorder`, `actionname`, `domain`, `actionclass`) VALUES ('waterworks.actions.AddWaterBillItem', 'add-waterbillitem', 'Add Water Bill Item', '0', 'add-waterbillitem', 'waterworks', 'waterworks.actions.AddWaterBillItem');
INSERT INTO `sys_rule_actiondef` (`objid`, `name`, `title`, `sortorder`, `actionname`, `domain`, `actionclass`) VALUES ('waterworks.actions.SetWaterConsumptionProperty', 'set-waterconsumpotion-property', 'Set Water Consumption Property Value', '10', 'set-waterconsumpotion-property', 'WATERWORKS', 'waterworks.actions.SetWaterConsumptionProperty');
INSERT INTO `sys_rule_actiondef` (`objid`, `name`, `title`, `sortorder`, `actionname`, `domain`, `actionclass`) VALUES ('waterworks.actions.SetWaterBillingPeriod', 'set-waterworks-billing-period', 'Set Waterworks Billing Period', '1', 'set-waterworks-billing-period', 'WATERWORKS', 'waterworks.actions.SetWaterBillingPeriod');
INSERT INTO `sys_rule_actiondef` (`objid`, `name`, `title`, `sortorder`, `actionname`, `domain`, `actionclass`) VALUES ('enterprise.actions.ThrowException', 'throw-exeception', 'Throw Exception', '1', 'throw-exeception', 'ENTERPRISE', 'enterprise.actions.ThrowException');
INSERT INTO `sys_rule_actiondef` (`objid`, `name`, `title`, `sortorder`, `actionname`, `domain`, `actionclass`) VALUES ('treasury.actions.AddVarInteger', 'add-var-integer', 'Add Var Integer', '1', 'add-var-integer', 'TREASURY', 'treasury.actions.AddVarInteger');
INSERT INTO `sys_rule_actiondef` (`objid`, `name`, `title`, `sortorder`, `actionname`, `domain`, `actionclass`) VALUES ('waterworks.actions.ComputeConsumption', 'compute-consumption', 'Compute Consumption', '0', 'compute-consumption', 'waterworks', 'waterworks.actions.ComputeConsumption');
INSERT INTO `sys_rule_actiondef` (`objid`, `name`, `title`, `sortorder`, `actionname`, `domain`, `actionclass`) VALUES ('treasury.actions.AddDiscountItem', 'add-discount-item', 'Add Discount', '3', 'add-discount-item', 'TREASURY', 'treasury.actions.AddDiscountItem');
INSERT INTO `sys_rule_actiondef` (`objid`, `name`, `title`, `sortorder`, `actionname`, `domain`, `actionclass`) VALUES ('treasury.actions.ApplyPayment', 'apply-payment', 'Apply Payment', '5', 'apply-payment', 'TREASURY', 'treasury.actions.ApplyPayment');

INSERT INTO `sys_rule_actiondef_param` (`objid`, `parentid`, `name`, `sortorder`, `title`, `datatype`, `handler`, `lookuphandler`, `lookupkey`, `lookupvalue`, `vardatatype`, `lovname`) VALUES ('enterprise.actions.AddRequirement.message', 'enterprise.actions.AddRequirement', 'message', '2', 'Message', NULL, 'expression', NULL, NULL, NULL, NULL, NULL);
INSERT INTO `sys_rule_actiondef_param` (`objid`, `parentid`, `name`, `sortorder`, `title`, `datatype`, `handler`, `lookuphandler`, `lookupkey`, `lookupvalue`, `vardatatype`, `lovname`) VALUES ('enterprise.actions.AddRequirement.reqtype', 'enterprise.actions.AddRequirement', 'reqtype', '1', 'Requirement Type', NULL, 'lookup', 'sys_requirement_type:lookup', 'code', 'title', 'string', NULL);
INSERT INTO `sys_rule_actiondef_param` (`objid`, `parentid`, `name`, `sortorder`, `title`, `datatype`, `handler`, `lookuphandler`, `lookupkey`, `lookupvalue`, `vardatatype`, `lovname`) VALUES ('enterprise.actions.AddRequirement.required', 'enterprise.actions.AddRequirement', 'required', '4', 'Required', 'boolean', 'boolean', NULL, NULL, NULL, 'boolean', NULL);
INSERT INTO `sys_rule_actiondef_param` (`objid`, `parentid`, `name`, `sortorder`, `title`, `datatype`, `handler`, `lookuphandler`, `lookupkey`, `lookupvalue`, `vardatatype`, `lovname`) VALUES ('enterprise.actions.AddRequirement.sortorder', 'enterprise.actions.AddRequirement', 'sortorder', '3', 'Sort Order', 'string', 'string', NULL, NULL, NULL, 'string', NULL);
INSERT INTO `sys_rule_actiondef_param` (`objid`, `parentid`, `name`, `sortorder`, `title`, `datatype`, `handler`, `lookuphandler`, `lookupkey`, `lookupvalue`, `vardatatype`, `lovname`) VALUES ('treasury.actions.ComputeFee.account', 'treasury.actions.ComputeFee', 'account', '1', 'Account', NULL, 'lookup', 'revenueitem:lookup', 'objid', 'title', NULL, NULL);
INSERT INTO `sys_rule_actiondef_param` (`objid`, `parentid`, `name`, `sortorder`, `title`, `datatype`, `handler`, `lookuphandler`, `lookupkey`, `lookupvalue`, `vardatatype`, `lovname`) VALUES ('treasury.actions.ComputeFee.amount', 'treasury.actions.ComputeFee', 'amount', '2', 'Amount', NULL, 'expression', NULL, NULL, NULL, NULL, NULL);
INSERT INTO `sys_rule_actiondef_param` (`objid`, `parentid`, `name`, `sortorder`, `title`, `datatype`, `handler`, `lookuphandler`, `lookupkey`, `lookupvalue`, `vardatatype`, `lovname`) VALUES ('treasury.actions.ComputeFee.remarks', 'treasury.actions.ComputeFee', 'remarks', '3', 'Remarks', NULL, 'expression', NULL, NULL, NULL, NULL, NULL);
INSERT INTO `sys_rule_actiondef_param` (`objid`, `parentid`, `name`, `sortorder`, `title`, `datatype`, `handler`, `lookuphandler`, `lookupkey`, `lookupvalue`, `vardatatype`, `lovname`) VALUES ('treasury.actions.SetBillItemAccount.account', 'treasury.actions.SetBillItemAccount', 'account', '2', 'Account', NULL, 'lookup', 'revenueitem:lookup', 'objid', 'title', NULL, NULL);
INSERT INTO `sys_rule_actiondef_param` (`objid`, `parentid`, `name`, `sortorder`, `title`, `datatype`, `handler`, `lookuphandler`, `lookupkey`, `lookupvalue`, `vardatatype`, `lovname`) VALUES ('treasury.actions.SetBillItemAccount.billcode', 'treasury.actions.SetBillItemAccount', 'billcode', '3', 'Billcode', NULL, 'lookup', 'waterworks_itemaccount:lookup', 'objid', 'title', 'string', NULL);
INSERT INTO `sys_rule_actiondef_param` (`objid`, `parentid`, `name`, `sortorder`, `title`, `datatype`, `handler`, `lookuphandler`, `lookupkey`, `lookupvalue`, `vardatatype`, `lovname`) VALUES ('treasury.actions.SetBillItemAccount.billitem', 'treasury.actions.SetBillItemAccount', 'billitem', '1', 'Bill Item', NULL, 'var', NULL, NULL, NULL, 'treasury.facts.AbstractBillItem', NULL);
INSERT INTO `sys_rule_actiondef_param` (`objid`, `parentid`, `name`, `sortorder`, `title`, `datatype`, `handler`, `lookuphandler`, `lookupkey`, `lookupvalue`, `vardatatype`, `lovname`) VALUES ('enterprise.actions.PrintTest.message', 'enterprise.actions.PrintTest', 'message', '1', 'Message', NULL, 'expression', NULL, NULL, NULL, NULL, NULL);
INSERT INTO `sys_rule_actiondef_param` (`objid`, `parentid`, `name`, `sortorder`, `title`, `datatype`, `handler`, `lookuphandler`, `lookupkey`, `lookupvalue`, `vardatatype`, `lovname`) VALUES ('treasury.actions.AddCreditBillItem.account', 'treasury.actions.AddCreditBillItem', 'account', '1', 'Account', NULL, 'lookup', 'revenueitem:lookup', 'objid', 'title', NULL, NULL);
INSERT INTO `sys_rule_actiondef_param` (`objid`, `parentid`, `name`, `sortorder`, `title`, `datatype`, `handler`, `lookuphandler`, `lookupkey`, `lookupvalue`, `vardatatype`, `lovname`) VALUES ('treasury.actions.AddCreditBillItem.amount', 'treasury.actions.AddCreditBillItem', 'amount', '2', 'Amount', NULL, 'expression', NULL, NULL, NULL, NULL, NULL);
INSERT INTO `sys_rule_actiondef_param` (`objid`, `parentid`, `name`, `sortorder`, `title`, `datatype`, `handler`, `lookuphandler`, `lookupkey`, `lookupvalue`, `vardatatype`, `lovname`) VALUES ('treasury.actions.AddCreditBillItem.billcode', 'treasury.actions.AddCreditBillItem', 'billcode', '1', 'Bill code', NULL, 'lookup', 'waterworks_itemaccount:lookup', 'objid', 'title', 'string', NULL);
INSERT INTO `sys_rule_actiondef_param` (`objid`, `parentid`, `name`, `sortorder`, `title`, `datatype`, `handler`, `lookuphandler`, `lookupkey`, `lookupvalue`, `vardatatype`, `lovname`) VALUES ('treasury.actions.AddCreditBillItem.reftype', 'treasury.actions.AddCreditBillItem', 'reftype', '3', 'Ref Type', 'string', 'string', NULL, NULL, NULL, 'string', NULL);
INSERT INTO `sys_rule_actiondef_param` (`objid`, `parentid`, `name`, `sortorder`, `title`, `datatype`, `handler`, `lookuphandler`, `lookupkey`, `lookupvalue`, `vardatatype`, `lovname`) VALUES ('treasury.actions.SetBillItemProperty.billitem', 'treasury.actions.SetBillItemProperty', 'billitem', '1', 'Bill Item', NULL, 'var', NULL, NULL, NULL, 'treasury.facts.AbstractBillItem', NULL);
INSERT INTO `sys_rule_actiondef_param` (`objid`, `parentid`, `name`, `sortorder`, `title`, `datatype`, `handler`, `lookuphandler`, `lookupkey`, `lookupvalue`, `vardatatype`, `lovname`) VALUES ('treasury.actions.SetBillItemProperty.fieldname', 'treasury.actions.SetBillItemProperty', 'fieldname', '2', 'Property Field Name', NULL, 'fieldlist', NULL, 'billitem', NULL, NULL, NULL);
INSERT INTO `sys_rule_actiondef_param` (`objid`, `parentid`, `name`, `sortorder`, `title`, `datatype`, `handler`, `lookuphandler`, `lookupkey`, `lookupvalue`, `vardatatype`, `lovname`) VALUES ('treasury.actions.SetBillItemProperty.value', 'treasury.actions.SetBillItemProperty', 'value', '3', 'Value', NULL, 'expression', NULL, NULL, NULL, NULL, NULL);
INSERT INTO `sys_rule_actiondef_param` (`objid`, `parentid`, `name`, `sortorder`, `title`, `datatype`, `handler`, `lookuphandler`, `lookupkey`, `lookupvalue`, `vardatatype`, `lovname`) VALUES ('waterworks.actions.AddRecurringWaterBillItem.amount', 'waterworks.actions.AddRecurringWaterBillItem', 'amount', '3', 'Amount', NULL, 'expression', NULL, NULL, NULL, NULL, NULL);
INSERT INTO `sys_rule_actiondef_param` (`objid`, `parentid`, `name`, `sortorder`, `title`, `datatype`, `handler`, `lookuphandler`, `lookupkey`, `lookupvalue`, `vardatatype`, `lovname`) VALUES ('waterworks.actions.AddRecurringWaterBillItem.month', 'waterworks.actions.AddRecurringWaterBillItem', 'month', '2', 'Month', NULL, 'var', NULL, NULL, NULL, 'integer', NULL);
INSERT INTO `sys_rule_actiondef_param` (`objid`, `parentid`, `name`, `sortorder`, `title`, `datatype`, `handler`, `lookuphandler`, `lookupkey`, `lookupvalue`, `vardatatype`, `lovname`) VALUES ('waterworks.actions.AddRecurringWaterBillItem.refitem', 'waterworks.actions.AddRecurringWaterBillItem', 'refitem', '4', 'Reference Item', NULL, 'var', NULL, NULL, NULL, 'waterworks.facts.WaterBillRecurringFee', NULL);
INSERT INTO `sys_rule_actiondef_param` (`objid`, `parentid`, `name`, `sortorder`, `title`, `datatype`, `handler`, `lookuphandler`, `lookupkey`, `lookupvalue`, `vardatatype`, `lovname`) VALUES ('waterworks.actions.AddRecurringWaterBillItem.year', 'waterworks.actions.AddRecurringWaterBillItem', 'year', '1', 'Year', NULL, 'var', NULL, NULL, NULL, 'integer', NULL);
INSERT INTO `sys_rule_actiondef_param` (`objid`, `parentid`, `name`, `sortorder`, `title`, `datatype`, `handler`, `lookuphandler`, `lookupkey`, `lookupvalue`, `vardatatype`, `lovname`) VALUES ('waterworks.actions.AddWaterBillItem.amount', 'waterworks.actions.AddWaterBillItem', 'amount', '3', 'Amount', NULL, 'expression', NULL, NULL, NULL, NULL, NULL);
INSERT INTO `sys_rule_actiondef_param` (`objid`, `parentid`, `name`, `sortorder`, `title`, `datatype`, `handler`, `lookuphandler`, `lookupkey`, `lookupvalue`, `vardatatype`, `lovname`) VALUES ('waterworks.actions.AddWaterBillItem.billcode', 'waterworks.actions.AddWaterBillItem', 'billcode', '4', 'Bill code', NULL, 'lookup', 'waterworks_itemaccount:lookup', 'objid', 'title', 'string', NULL);
INSERT INTO `sys_rule_actiondef_param` (`objid`, `parentid`, `name`, `sortorder`, `title`, `datatype`, `handler`, `lookuphandler`, `lookupkey`, `lookupvalue`, `vardatatype`, `lovname`) VALUES ('waterworks.actions.AddWaterBillItem.month', 'waterworks.actions.AddWaterBillItem', 'month', '2', 'Month', NULL, 'var', NULL, NULL, NULL, 'integer', NULL);
INSERT INTO `sys_rule_actiondef_param` (`objid`, `parentid`, `name`, `sortorder`, `title`, `datatype`, `handler`, `lookuphandler`, `lookupkey`, `lookupvalue`, `vardatatype`, `lovname`) VALUES ('waterworks.actions.AddWaterBillItem.year', 'waterworks.actions.AddWaterBillItem', 'year', '1', 'Year', NULL, 'var', NULL, NULL, NULL, 'integer', NULL);
INSERT INTO `sys_rule_actiondef_param` (`objid`, `parentid`, `name`, `sortorder`, `title`, `datatype`, `handler`, `lookuphandler`, `lookupkey`, `lookupvalue`, `vardatatype`, `lovname`) VALUES ('waterworks.actions.SetWaterConsumptionProperty.fieldname', 'waterworks.actions.SetWaterConsumptionProperty', 'fieldname', '2', 'Property Field Name', 'string', 'string', NULL, 'waterworks.facts.WaterConsumption', NULL, 'string', NULL);
INSERT INTO `sys_rule_actiondef_param` (`objid`, `parentid`, `name`, `sortorder`, `title`, `datatype`, `handler`, `lookuphandler`, `lookupkey`, `lookupvalue`, `vardatatype`, `lovname`) VALUES ('waterworks.actions.SetWaterConsumptionProperty.item', 'waterworks.actions.SetWaterConsumptionProperty', 'item', '1', 'Item', NULL, 'var', NULL, NULL, NULL, 'waterworks.facts.WaterConsumption', NULL);
INSERT INTO `sys_rule_actiondef_param` (`objid`, `parentid`, `name`, `sortorder`, `title`, `datatype`, `handler`, `lookuphandler`, `lookupkey`, `lookupvalue`, `vardatatype`, `lovname`) VALUES ('waterworks.actions.SetWaterConsumptionProperty.value', 'waterworks.actions.SetWaterConsumptionProperty', 'value', '3', 'Value', NULL, 'expression', NULL, NULL, NULL, NULL, NULL);
INSERT INTO `sys_rule_actiondef_param` (`objid`, `parentid`, `name`, `sortorder`, `title`, `datatype`, `handler`, `lookuphandler`, `lookupkey`, `lookupvalue`, `vardatatype`, `lovname`) VALUES ('waterworks.actions.SetWaterBillingPeriod.billdate', 'waterworks.actions.SetWaterBillingPeriod', 'billdate', '6', 'Bill Date', NULL, 'expression', NULL, NULL, NULL, NULL, NULL);
INSERT INTO `sys_rule_actiondef_param` (`objid`, `parentid`, `name`, `sortorder`, `title`, `datatype`, `handler`, `lookuphandler`, `lookupkey`, `lookupvalue`, `vardatatype`, `lovname`) VALUES ('waterworks.actions.SetWaterBillingPeriod.billexpirydate', 'waterworks.actions.SetWaterBillingPeriod', 'billexpirydate', '10', 'Bill Expiry Date', NULL, 'expression', NULL, NULL, NULL, NULL, NULL);
INSERT INTO `sys_rule_actiondef_param` (`objid`, `parentid`, `name`, `sortorder`, `title`, `datatype`, `handler`, `lookuphandler`, `lookupkey`, `lookupvalue`, `vardatatype`, `lovname`) VALUES ('waterworks.actions.SetWaterBillingPeriod.billingenddate', 'waterworks.actions.SetWaterBillingPeriod', 'billingenddate', '7', 'Billing End Date', NULL, 'expression', NULL, NULL, NULL, NULL, NULL);
INSERT INTO `sys_rule_actiondef_param` (`objid`, `parentid`, `name`, `sortorder`, `title`, `datatype`, `handler`, `lookuphandler`, `lookupkey`, `lookupvalue`, `vardatatype`, `lovname`) VALUES ('waterworks.actions.SetWaterBillingPeriod.billingperiod', 'waterworks.actions.SetWaterBillingPeriod', 'billingperiod', '1', 'Billing Period', NULL, 'var', NULL, NULL, NULL, 'waterworks.facts.WaterBillingPeriod', NULL);
INSERT INTO `sys_rule_actiondef_param` (`objid`, `parentid`, `name`, `sortorder`, `title`, `datatype`, `handler`, `lookuphandler`, `lookupkey`, `lookupvalue`, `vardatatype`, `lovname`) VALUES ('waterworks.actions.SetWaterBillingPeriod.discdate', 'waterworks.actions.SetWaterBillingPeriod', 'discdate', '8', 'Discount Date', NULL, 'expression', NULL, NULL, NULL, NULL, NULL);
INSERT INTO `sys_rule_actiondef_param` (`objid`, `parentid`, `name`, `sortorder`, `title`, `datatype`, `handler`, `lookuphandler`, `lookupkey`, `lookupvalue`, `vardatatype`, `lovname`) VALUES ('waterworks.actions.SetWaterBillingPeriod.duedate', 'waterworks.actions.SetWaterBillingPeriod', 'duedate', '9', 'Due Date', NULL, 'expression', NULL, NULL, NULL, NULL, NULL);
INSERT INTO `sys_rule_actiondef_param` (`objid`, `parentid`, `name`, `sortorder`, `title`, `datatype`, `handler`, `lookuphandler`, `lookupkey`, `lookupvalue`, `vardatatype`, `lovname`) VALUES ('waterworks.actions.SetWaterBillingPeriod.fromdate', 'waterworks.actions.SetWaterBillingPeriod', 'fromdate', '2', 'From Date', NULL, 'expression', NULL, NULL, NULL, NULL, NULL);
INSERT INTO `sys_rule_actiondef_param` (`objid`, `parentid`, `name`, `sortorder`, `title`, `datatype`, `handler`, `lookuphandler`, `lookupkey`, `lookupvalue`, `vardatatype`, `lovname`) VALUES ('waterworks.actions.SetWaterBillingPeriod.readingdate', 'waterworks.actions.SetWaterBillingPeriod', 'readingdate', '4', 'Reading Date', NULL, 'expression', NULL, NULL, NULL, NULL, NULL);
INSERT INTO `sys_rule_actiondef_param` (`objid`, `parentid`, `name`, `sortorder`, `title`, `datatype`, `handler`, `lookuphandler`, `lookupkey`, `lookupvalue`, `vardatatype`, `lovname`) VALUES ('waterworks.actions.SetWaterBillingPeriod.readingenddate', 'waterworks.actions.SetWaterBillingPeriod', 'readingenddate', '5', 'Reading End Date', NULL, 'expression', NULL, NULL, NULL, NULL, NULL);
INSERT INTO `sys_rule_actiondef_param` (`objid`, `parentid`, `name`, `sortorder`, `title`, `datatype`, `handler`, `lookuphandler`, `lookupkey`, `lookupvalue`, `vardatatype`, `lovname`) VALUES ('waterworks.actions.SetWaterBillingPeriod.todate', 'waterworks.actions.SetWaterBillingPeriod', 'todate', '3', 'To Date', NULL, 'expression', NULL, NULL, NULL, NULL, NULL);
INSERT INTO `sys_rule_actiondef_param` (`objid`, `parentid`, `name`, `sortorder`, `title`, `datatype`, `handler`, `lookuphandler`, `lookupkey`, `lookupvalue`, `vardatatype`, `lovname`) VALUES ('enterprise.actions.ThrowException.msg', 'enterprise.actions.ThrowException', 'msg', '1', 'Message', NULL, 'expression', NULL, NULL, NULL, NULL, NULL);
INSERT INTO `sys_rule_actiondef_param` (`objid`, `parentid`, `name`, `sortorder`, `title`, `datatype`, `handler`, `lookuphandler`, `lookupkey`, `lookupvalue`, `vardatatype`, `lovname`) VALUES ('treasury.actions.AddVarInteger.tag', 'treasury.actions.AddVarInteger', 'tag', '2', 'Tag', 'string', 'string', NULL, NULL, NULL, 'string', NULL);
INSERT INTO `sys_rule_actiondef_param` (`objid`, `parentid`, `name`, `sortorder`, `title`, `datatype`, `handler`, `lookuphandler`, `lookupkey`, `lookupvalue`, `vardatatype`, `lovname`) VALUES ('treasury.actions.AddVarInteger.value', 'treasury.actions.AddVarInteger', 'value', '1', 'Value', NULL, 'expression', NULL, NULL, NULL, NULL, NULL);
INSERT INTO `sys_rule_actiondef_param` (`objid`, `parentid`, `name`, `sortorder`, `title`, `datatype`, `handler`, `lookuphandler`, `lookupkey`, `lookupvalue`, `vardatatype`, `lovname`) VALUES ('waterworks.actions.ComputeConsumption.amount', 'waterworks.actions.ComputeConsumption', 'amount', '1', 'Amount', NULL, 'expression', NULL, NULL, NULL, NULL, NULL);
INSERT INTO `sys_rule_actiondef_param` (`objid`, `parentid`, `name`, `sortorder`, `title`, `datatype`, `handler`, `lookuphandler`, `lookupkey`, `lookupvalue`, `vardatatype`, `lovname`) VALUES ('waterworks.actions.ComputeConsumption.ref', 'waterworks.actions.ComputeConsumption', 'ref', '2', 'Ref', NULL, 'var', NULL, NULL, NULL, 'waterworks.facts.WaterConsumption', NULL);
INSERT INTO `sys_rule_actiondef_param` (`objid`, `parentid`, `name`, `sortorder`, `title`, `datatype`, `handler`, `lookuphandler`, `lookupkey`, `lookupvalue`, `vardatatype`, `lovname`) VALUES ('treasury.actions.AddDiscountItem.account', 'treasury.actions.AddDiscountItem', 'account', '4', 'Account', NULL, 'lookup', 'revenueitem:lookup', 'objid', 'title', NULL, NULL);
INSERT INTO `sys_rule_actiondef_param` (`objid`, `parentid`, `name`, `sortorder`, `title`, `datatype`, `handler`, `lookuphandler`, `lookupkey`, `lookupvalue`, `vardatatype`, `lovname`) VALUES ('treasury.actions.AddDiscountItem.amount', 'treasury.actions.AddDiscountItem', 'amount', '2', 'Amount', NULL, 'expression', NULL, NULL, NULL, NULL, NULL);
INSERT INTO `sys_rule_actiondef_param` (`objid`, `parentid`, `name`, `sortorder`, `title`, `datatype`, `handler`, `lookuphandler`, `lookupkey`, `lookupvalue`, `vardatatype`, `lovname`) VALUES ('treasury.actions.AddDiscountItem.billcode', 'treasury.actions.AddDiscountItem', 'billcode', '3', 'Billcode', NULL, 'lookup', 'waterworks_itemaccount:lookup', 'objid', 'title', 'string', NULL);
INSERT INTO `sys_rule_actiondef_param` (`objid`, `parentid`, `name`, `sortorder`, `title`, `datatype`, `handler`, `lookuphandler`, `lookupkey`, `lookupvalue`, `vardatatype`, `lovname`) VALUES ('treasury.actions.AddDiscountItem.billitem', 'treasury.actions.AddDiscountItem', 'billitem', '1', 'Bill Item', NULL, 'var', NULL, NULL, NULL, 'treasury.facts.AbstractBillItem', NULL);
INSERT INTO `sys_rule_actiondef_param` (`objid`, `parentid`, `name`, `sortorder`, `title`, `datatype`, `handler`, `lookuphandler`, `lookupkey`, `lookupvalue`, `vardatatype`, `lovname`) VALUES ('treasury.actions.ApplyPayment.payment', 'treasury.actions.ApplyPayment', 'payment', '1', 'Payment', NULL, 'var', NULL, NULL, NULL, 'treasury.facts.Payment', NULL);

INSERT INTO `sys_ruleset_actiondef` (`ruleset`, `actiondef`) VALUES ('waterworksapplication', 'enterprise.actions.AddRequirement');
INSERT INTO `sys_ruleset_actiondef` (`ruleset`, `actiondef`) VALUES ('waterworksapplication', 'treasury.actions.ComputeFee');
INSERT INTO `sys_ruleset_actiondef` (`ruleset`, `actiondef`) VALUES ('waterworksapplication', 'treasury.actions.SetBillItemAccount');
INSERT INTO `sys_ruleset_actiondef` (`ruleset`, `actiondef`) VALUES ('waterworksbilling', 'enterprise.actions.PrintTest');
INSERT INTO `sys_ruleset_actiondef` (`ruleset`, `actiondef`) VALUES ('waterworksbilling', 'treasury.actions.AddCreditBillItem');
INSERT INTO `sys_ruleset_actiondef` (`ruleset`, `actiondef`) VALUES ('waterworksbilling', 'treasury.actions.SetBillItemAccount');
INSERT INTO `sys_ruleset_actiondef` (`ruleset`, `actiondef`) VALUES ('waterworksbilling', 'treasury.actions.SetBillItemProperty');
INSERT INTO `sys_ruleset_actiondef` (`ruleset`, `actiondef`) VALUES ('waterworksbilling', 'waterworks.actions.AddRecurringWaterBillItem');
INSERT INTO `sys_ruleset_actiondef` (`ruleset`, `actiondef`) VALUES ('waterworksbilling', 'waterworks.actions.AddWaterBillItem');
INSERT INTO `sys_ruleset_actiondef` (`ruleset`, `actiondef`) VALUES ('waterworksbilling', 'waterworks.actions.SetWaterConsumptionProperty');
INSERT INTO `sys_ruleset_actiondef` (`ruleset`, `actiondef`) VALUES ('waterworksbillingschedule', 'waterworks.actions.SetWaterBillingPeriod');
INSERT INTO `sys_ruleset_actiondef` (`ruleset`, `actiondef`) VALUES ('waterworkscomputation', 'enterprise.actions.ThrowException');
INSERT INTO `sys_ruleset_actiondef` (`ruleset`, `actiondef`) VALUES ('waterworkscomputation', 'treasury.actions.AddVarInteger');
INSERT INTO `sys_ruleset_actiondef` (`ruleset`, `actiondef`) VALUES ('waterworkscomputation', 'waterworks.actions.ComputeConsumption');
INSERT INTO `sys_ruleset_actiondef` (`ruleset`, `actiondef`) VALUES ('waterworkscomputation', 'waterworks.actions.SetWaterConsumptionProperty');
INSERT INTO `sys_ruleset_actiondef` (`ruleset`, `actiondef`) VALUES ('waterworkspayment', 'enterprise.actions.ThrowException');
INSERT INTO `sys_ruleset_actiondef` (`ruleset`, `actiondef`) VALUES ('waterworkspayment', 'treasury.actions.AddCreditBillItem');
INSERT INTO `sys_ruleset_actiondef` (`ruleset`, `actiondef`) VALUES ('waterworkspayment', 'treasury.actions.AddDiscountItem');
INSERT INTO `sys_ruleset_actiondef` (`ruleset`, `actiondef`) VALUES ('waterworkspayment', 'treasury.actions.ApplyPayment');
INSERT INTO `sys_ruleset_actiondef` (`ruleset`, `actiondef`) VALUES ('waterworkspayment', 'treasury.actions.SetBillItemAccount');

INSERT INTO `sys_ruleset_fact` (`ruleset`, `rulefact`) VALUES ('waterworksapplication', 'treasury.facts.BillItem');
INSERT INTO `sys_ruleset_fact` (`ruleset`, `rulefact`) VALUES ('waterworksapplication', 'treasury.facts.Requirement');
INSERT INTO `sys_ruleset_fact` (`ruleset`, `rulefact`) VALUES ('waterworksbilling', 'com.rameses.rules.common.CurrentDate');
INSERT INTO `sys_ruleset_fact` (`ruleset`, `rulefact`) VALUES ('waterworksbilling', 'treasury.facts.TransactionDate');
INSERT INTO `sys_ruleset_fact` (`ruleset`, `rulefact`) VALUES ('waterworksbilling', 'waterworks.facts.WaterAccount');
INSERT INTO `sys_ruleset_fact` (`ruleset`, `rulefact`) VALUES ('waterworksbilling', 'waterworks.facts.WaterBill');
INSERT INTO `sys_ruleset_fact` (`ruleset`, `rulefact`) VALUES ('waterworksbilling', 'waterworks.facts.WaterBillingPeriod');
INSERT INTO `sys_ruleset_fact` (`ruleset`, `rulefact`) VALUES ('waterworksbilling', 'waterworks.facts.WaterBillItem');
INSERT INTO `sys_ruleset_fact` (`ruleset`, `rulefact`) VALUES ('waterworksbilling', 'waterworks.facts.WaterBillRecurringFee');
INSERT INTO `sys_ruleset_fact` (`ruleset`, `rulefact`) VALUES ('waterworksbilling', 'waterworks.facts.WaterConsumption');
INSERT INTO `sys_ruleset_fact` (`ruleset`, `rulefact`) VALUES ('waterworksbilling', 'waterworks.facts.WaterworksAttribute');
INSERT INTO `sys_ruleset_fact` (`ruleset`, `rulefact`) VALUES ('waterworksbillingschedule', 'treasury.facts.HolidayFact');
INSERT INTO `sys_ruleset_fact` (`ruleset`, `rulefact`) VALUES ('waterworksbillingschedule', 'waterworks.facts.WaterBillingPeriod');
INSERT INTO `sys_ruleset_fact` (`ruleset`, `rulefact`) VALUES ('waterworksbillingschedule', 'waterworks.facts.WaterScheduleGroup');
INSERT INTO `sys_ruleset_fact` (`ruleset`, `rulefact`) VALUES ('waterworkscomputation', 'treasury.facts.VarInteger');
INSERT INTO `sys_ruleset_fact` (`ruleset`, `rulefact`) VALUES ('waterworkscomputation', 'waterworks.facts.WaterAccount');
INSERT INTO `sys_ruleset_fact` (`ruleset`, `rulefact`) VALUES ('waterworkscomputation', 'waterworks.facts.WaterConsumption');
INSERT INTO `sys_ruleset_fact` (`ruleset`, `rulefact`) VALUES ('waterworkscomputation', 'waterworks.facts.WaterMeter');
INSERT INTO `sys_ruleset_fact` (`ruleset`, `rulefact`) VALUES ('waterworkscomputation', 'waterworks.facts.WaterworksAttribute');
INSERT INTO `sys_ruleset_fact` (`ruleset`, `rulefact`) VALUES ('waterworkspayment', 'com.rameses.rules.common.CurrentDate');
INSERT INTO `sys_ruleset_fact` (`ruleset`, `rulefact`) VALUES ('waterworkspayment', 'treasury.facts.Deposit');
INSERT INTO `sys_ruleset_fact` (`ruleset`, `rulefact`) VALUES ('waterworkspayment', 'treasury.facts.ExcessPayment');
INSERT INTO `sys_ruleset_fact` (`ruleset`, `rulefact`) VALUES ('waterworkspayment', 'treasury.facts.Payment');
INSERT INTO `sys_ruleset_fact` (`ruleset`, `rulefact`) VALUES ('waterworkspayment', 'treasury.facts.TransactionDate');
INSERT INTO `sys_ruleset_fact` (`ruleset`, `rulefact`) VALUES ('waterworkspayment', 'waterworks.facts.WaterAccount');
INSERT INTO `sys_ruleset_fact` (`ruleset`, `rulefact`) VALUES ('waterworkspayment', 'waterworks.facts.WaterBill');
INSERT INTO `sys_ruleset_fact` (`ruleset`, `rulefact`) VALUES ('waterworkspayment', 'waterworks.facts.WaterBillItem');
INSERT INTO `sys_ruleset_fact` (`ruleset`, `rulefact`) VALUES ('waterworkspayment', 'waterworks.facts.WaterworksAttribute');
